MODE,FREQUENCY,MODAL MASS,KENE,X-DIR,RATIO%,Y-DIR,RATIO%,Z-DIR,RATIO%
1,0.000,0.4061E-01,0.000,0.4042E-01,35.92,0.7822E-03,0.70,0.5929E-04,0.05
2,0.000,0.2069E-01,0.000,0.2927E-04,0.03,0.5154E-04,0.05,0.3710E-03,0.33
3,0.000,0.1753E-01,0.000,0.1281E-07,0.00,0.8021E-02,7.13,0.7819E-03,0.69
4,0.1885E-04,0.1114,0.7814E-09,0.1901E-01,16.89,0.1432E-02,1.27,0.8303E-01,73.79
5,0.9023E-04,0.3799E-01,0.6105E-08,0.5273E-01,46.86,0.7503E-03,0.67,0.2813E-01,25.00
6,0.4016E-03,0.4193E-01,0.1335E-06,0.3356E-03,0.30,0.1015,90.19,0.1486E-03,0.13
7,2.980,0.1008E-01,1.766,0.000,0.00,0.000,0.00,0.000,0.00
8,4.049,0.1418E-01,4.587,0.000,0.00,0.000,0.00,0.000,0.00
9,15.00,0.1638E-01,72.71,0.000,0.00,0.000,0.00,0.000,0.00
10,15.47,0.8042E-02,37.98,0.000,0.00,0.000,0.00,0.000,0.00
11,17.01,0.7003E-02,40.00,0.000,0.00,0.000,0.00,0.000,0.00
12,17.64,0.2528E-02,15.52,0.000,0.00,0.000,0.00,0.000,0.00
13,18.71,0.2203E-02,15.21,0.000,0.00,0.000,0.00,0.000,0.00
14,19.50,0.1756E-02,13.18,0.000,0.00,0.000,0.00,0.000,0.00
15,20.47,0.4767E-02,39.43,0.000,0.00,0.000,0.00,0.000,0.00
16,21.50,0.6570E-02,59.95,0.000,0.00,0.000,0.00,0.000,0.00
17,22.09,0.2991E-02,28.82,0.000,0.00,0.000,0.00,0.000,0.00
18,22.95,0.7197E-02,74.83,0.000,0.00,0.000,0.00,0.000,0.00
19,23.29,0.3920E-02,41.95,0.000,0.00,0.000,0.00,0.000,0.00
20,23.59,0.4449E-02,48.87,0.000,0.00,0.000,0.00,0.000,0.00
21,29.83,0.2890E-02,50.75,0.000,0.00,0.000,0.00,0.000,0.00
22,33.16,0.3930E-02,85.29,0.000,0.00,0.000,0.00,0.000,0.00
23,34.89,0.8831E-02,212.2,0.000,0.00,0.000,0.00,0.000,0.00
24,38.90,0.9758E-02,291.4,0.000,0.00,0.000,0.00,0.000,0.00
25,39.16,0.1053E-01,318.8,0.000,0.00,0.000,0.00,0.000,0.00
26,40.01,0.6650E-02,210.1,0.000,0.00,0.000,0.00,0.000,0.00
27,41.19,0.2281E-02,76.39,0.000,0.00,0.000,0.00,0.000,0.00
28,42.76,0.1548E-02,55.87,0.000,0.00,0.000,0.00,0.000,0.00
29,44.23,0.7379E-02,285.0,0.000,0.00,0.000,0.00,0.000,0.00
30,45.37,0.6593E-03,26.79,0.000,0.00,0.000,0.00,0.000,0.00
31,46.57,0.5980E-03,25.60,0.000,0.00,0.000,0.00,0.000,0.00
32,51.52,0.4280E-02,224.2,0.000,0.00,0.000,0.00,0.000,0.00
33,53.03,0.5922E-02,328.8,0.000,0.00,0.000,0.00,0.000,0.00
34,55.13,0.2731E-02,163.9,0.000,0.00,0.000,0.00,0.000,0.00
35,57.64,0.6606E-02,433.2,0.000,0.00,0.000,0.00,0.000,0.00
36,59.91,0.1539E-02,109.0,0.000,0.00,0.000,0.00,0.000,0.00
37,62.26,0.4925E-02,376.8,0.000,0.00,0.000,0.00,0.000,0.00
38,64.13,0.1580E-02,128.3,0.000,0.00,0.000,0.00,0.000,0.00
39,65.27,0.4134E-02,347.6,0.000,0.00,0.000,0.00,0.000,0.00
40,65.68,0.4610E-02,392.6,0.000,0.00,0.000,0.00,0.000,0.00
41,68.99,0.8176E-03,76.82,0.000,0.00,0.000,0.00,0.000,0.00
42,73.73,0.5887E-03,63.16,0.000,0.00,0.000,0.00,0.000,0.00
43,75.42,0.5191E-03,58.29,0.000,0.00,0.000,0.00,0.000,0.00
44,78.96,0.1279E-02,157.4,0.000,0.00,0.000,0.00,0.000,0.00
45,88.82,0.1435E-02,223.5,0.000,0.00,0.000,0.00,0.000,0.00
46,97.77,0.1635E-02,308.5,0.000,0.00,0.000,0.00,0.000,0.00
47,108.0,0.2950E-02,679.4,0.000,0.00,0.000,0.00,0.000,0.00
48,111.6,0.3439E-02,845.1,0.000,0.00,0.000,0.00,0.000,0.00
49,113.5,0.2798E-02,711.9,0.000,0.00,0.000,0.00,0.000,0.00
50,120.1,0.1500E-02,426.7,0.000,0.00,0.000,0.00,0.000,0.00
51,127.9,0.3559E-02,1149.,0.000,0.00,0.000,0.00,0.000,0.00
52,134.6,0.2727E-02,975.8,0.000,0.00,0.000,0.00,0.000,0.00
53,136.5,0.3929E-03,144.6,0.000,0.00,0.000,0.00,0.000,0.00
54,139.5,0.1779E-02,683.4,0.000,0.00,0.000,0.00,0.000,0.00
55,142.5,0.9141E-03,366.5,0.000,0.00,0.000,0.00,0.000,0.00
56,148.4,0.2859E-03,124.4,0.000,0.00,0.000,0.00,0.000,0.00
57,154.9,0.1102E-02,521.7,0.000,0.00,0.000,0.00,0.000,0.00
58,168.9,0.9337E-04,52.55,0.000,0.00,0.000,0.00,0.000,0.00
59,171.8,0.1455E-02,847.8,0.000,0.00,0.000,0.00,0.000,0.00
60,173.0,0.1471E-02,869.1,0.000,0.00,0.000,0.00,0.000,0.00
61,175.5,0.3639E-03,221.2,0.000,0.00,0.000,0.00,0.000,0.00
62,176.6,0.1274E-02,784.1,0.000,0.00,0.000,0.00,0.000,0.00
63,179.3,0.3971E-03,252.0,0.000,0.00,0.000,0.00,0.000,0.00
64,181.9,0.3443E-03,224.8,0.000,0.00,0.000,0.00,0.000,0.00
65,183.2,0.1724E-03,114.2,0.000,0.00,0.000,0.00,0.000,0.00
66,186.2,0.2802E-03,191.9,0.000,0.00,0.000,0.00,0.000,0.00
67,190.6,0.8733E-03,626.5,0.000,0.00,0.000,0.00,0.000,0.00
68,192.9,0.7789E-04,57.18,0.000,0.00,0.000,0.00,0.000,0.00
69,193.2,0.2363E-03,174.2,0.000,0.00,0.000,0.00,0.000,0.00
70,195.1,0.6802E-03,511.3,0.000,0.00,0.000,0.00,0.000,0.00
71,201.5,0.3652E-03,292.6,0.000,0.00,0.000,0.00,0.000,0.00
72,202.1,0.8151E-03,657.1,0.000,0.00,0.000,0.00,0.000,0.00
73,207.3,0.1328E-03,112.6,0.000,0.00,0.000,0.00,0.000,0.00
74,209.1,0.1279E-03,110.4,0.000,0.00,0.000,0.00,0.000,0.00
75,210.0,0.1275E-03,111.0,0.000,0.00,0.000,0.00,0.000,0.00
76,211.0,0.3386E-03,297.5,0.000,0.00,0.000,0.00,0.000,0.00
77,215.4,0.6943E-03,636.1,0.000,0.00,0.000,0.00,0.000,0.00
78,219.2,0.2882E-03,273.3,0.000,0.00,0.000,0.00,0.000,0.00
79,220.8,0.3447E-03,331.7,0.000,0.00,0.000,0.00,0.000,0.00
80,221.3,0.3115E-03,301.0,0.000,0.00,0.000,0.00,0.000,0.00
81,223.6,0.1984E-03,195.8,0.000,0.00,0.000,0.00,0.000,0.00
82,231.3,0.1455E-03,153.6,0.000,0.00,0.000,0.00,0.000,0.00
83,238.9,0.2926E-03,329.6,0.000,0.00,0.000,0.00,0.000,0.00
84,243.3,0.7609E-04,88.93,0.000,0.00,0.000,0.00,0.000,0.00
85,244.3,0.2667E-03,314.2,0.000,0.00,0.000,0.00,0.000,0.00
86,258.1,0.1270E-03,167.1,0.000,0.00,0.000,0.00,0.000,0.00
87,264.7,0.1133E-02,1566.,0.000,0.00,0.000,0.00,0.000,0.00
88,269.7,0.1119E-03,160.7,0.000,0.00,0.000,0.00,0.000,0.00
89,271.6,0.4583E-03,667.4,0.000,0.00,0.000,0.00,0.000,0.00
90,277.7,0.8072E-04,122.9,0.000,0.00,0.000,0.00,0.000,0.00
91,282.4,0.1371E-03,215.8,0.000,0.00,0.000,0.00,0.000,0.00
92,283.1,0.1159E-03,183.4,0.000,0.00,0.000,0.00,0.000,0.00
93,284.6,0.1376E-03,219.9,0.000,0.00,0.000,0.00,0.000,0.00
94,291.0,0.1085E-03,181.4,0.000,0.00,0.000,0.00,0.000,0.00
95,296.4,0.3396E-03,589.0,0.000,0.00,0.000,0.00,0.000,0.00
96,301.1,0.3314E-03,592.9,0.000,0.00,0.000,0.00,0.000,0.00
97,305.2,0.9145E-04,168.1,0.000,0.00,0.000,0.00,0.000,0.00
98,307.2,0.1892E-03,352.5,0.000,0.00,0.000,0.00,0.000,0.00
99,310.5,0.2545E-03,484.4,0.000,0.00,0.000,0.00,0.000,0.00
100,312.5,0.3238E-02,6241.,0.000,0.00,0.000,0.00,0.000,0.00
101,313.0,0.4745E-03,917.4,0.000,0.00,0.000,0.00,0.000,0.00
102,315.3,0.8515E-04,167.1,0.000,0.00,0.000,0.00,0.000,0.00
103,319.3,0.2406E-03,484.1,0.000,0.00,0.000,0.00,0.000,0.00
104,323.1,0.6813E-04,140.4,0.000,0.00,0.000,0.00,0.000,0.00
105,324.0,0.2815E-03,583.5,0.000,0.00,0.000,0.00,0.000,0.00
106,327.9,0.2455E-03,521.1,0.000,0.00,0.000,0.00,0.000,0.00
107,336.0,0.4017E-03,895.0,0.000,0.00,0.000,0.00,0.000,0.00
108,338.2,0.4231E-03,955.0,0.000,0.00,0.000,0.00,0.000,0.00
109,341.1,0.1274E-03,292.5,0.000,0.00,0.000,0.00,0.000,0.00
110,347.2,0.3264E-03,776.9,0.000,0.00,0.000,0.00,0.000,0.00
111,348.7,0.1001E-02,2403.,0.000,0.00,0.000,0.00,0.000,0.00
112,379.3,0.1768E-03,501.9,0.000,0.00,0.000,0.00,0.000,0.00
113,383.9,0.6897E-03,2007.,0.000,0.00,0.000,0.00,0.000,0.00
114,384.7,0.8658E-04,252.9,0.000,0.00,0.000,0.00,0.000,0.00
115,389.7,0.1668E-02,5002.,0.000,0.00,0.000,0.00,0.000,0.00
116,394.1,0.3813E-03,1169.,0.000,0.00,0.000,0.00,0.000,0.00
117,403.0,0.2825E-03,905.7,0.000,0.00,0.000,0.00,0.000,0.00
118,412.3,0.6095E-03,2045.,0.000,0.00,0.000,0.00,0.000,0.00
119,414.1,0.1083E-02,3665.,0.000,0.00,0.000,0.00,0.000,0.00
120,417.7,0.1019E-02,3512.,0.000,0.00,0.000,0.00,0.000,0.00
121,423.3,0.2505E-03,886.1,0.000,0.00,0.000,0.00,0.000,0.00
122,430.5,0.5415E-03,1981.,0.000,0.00,0.000,0.00,0.000,0.00
123,433.9,0.2986E-03,1110.,0.000,0.00,0.000,0.00,0.000,0.00
124,436.4,0.2796E-03,1051.,0.000,0.00,0.000,0.00,0.000,0.00
125,439.7,0.3286E-03,1254.,0.000,0.00,0.000,0.00,0.000,0.00
126,451.1,0.4565E-03,1834.,0.000,0.00,0.000,0.00,0.000,0.00
127,452.6,0.8196E-04,331.4,0.000,0.00,0.000,0.00,0.000,0.00
128,460.5,0.1106E-03,462.8,0.000,0.00,0.000,0.00,0.000,0.00
129,462.1,0.1745E-02,7354.,0.000,0.00,0.000,0.00,0.000,0.00
130,468.1,0.7422E-03,3210.,0.000,0.00,0.000,0.00,0.000,0.00
131,470.6,0.4165E-03,1820.,0.000,0.00,0.000,0.00,0.000,0.00
132,473.1,0.8165E-03,3608.,0.000,0.00,0.000,0.00,0.000,0.00
133,474.0,0.1530E-02,6787.,0.000,0.00,0.000,0.00,0.000,0.00
134,478.9,0.1036E-02,4691.,0.000,0.00,0.000,0.00,0.000,0.00
135,479.3,0.1496E-02,6784.,0.000,0.00,0.000,0.00,0.000,0.00
136,482.8,0.2341E-02,0.1077E+05,0.000,0.00,0.000,0.00,0.000,0.00
137,490.1,0.2052E-03,972.9,0.000,0.00,0.000,0.00,0.000,0.00
138,494.3,0.3857E-03,1860.,0.000,0.00,0.000,0.00,0.000,0.00
139,494.8,0.4362E-03,2108.,0.000,0.00,0.000,0.00,0.000,0.00
140,502.5,0.4810E-03,2398.,0.000,0.00,0.000,0.00,0.000,0.00
141,509.7,0.2510E-03,1287.,0.000,0.00,0.000,0.00,0.000,0.00
142,516.4,0.1450E-03,763.4,0.000,0.00,0.000,0.00,0.000,0.00
143,517.1,0.1406E-03,741.9,0.000,0.00,0.000,0.00,0.000,0.00
144,521.3,0.3503E-03,1879.,0.000,0.00,0.000,0.00,0.000,0.00
145,523.2,0.3150E-03,1702.,0.000,0.00,0.000,0.00,0.000,0.00
146,526.1,0.4377E-03,2391.,0.000,0.00,0.000,0.00,0.000,0.00
147,529.9,0.5089E-03,2821.,0.000,0.00,0.000,0.00,0.000,0.00
148,533.4,0.6230E-03,3499.,0.000,0.00,0.000,0.00,0.000,0.00
149,540.5,0.1827E-03,1053.,0.000,0.00,0.000,0.00,0.000,0.00
150,553.4,0.5895E-03,3564.,0.000,0.00,0.000,0.00,0.000,0.00
151,559.1,0.4043E-03,2495.,0.000,0.00,0.000,0.00,0.000,0.00
152,560.0,0.9253E-04,572.8,0.000,0.00,0.000,0.00,0.000,0.00
153,567.6,0.8634E-02,0.5491E+05,0.000,0.00,0.000,0.00,0.000,0.00
154,569.5,0.3365E-03,2154.,0.000,0.00,0.000,0.00,0.000,0.00
155,571.5,0.2568E-02,0.1655E+05,0.000,0.00,0.000,0.00,0.000,0.00
156,575.8,0.3879E-04,253.8,0.000,0.00,0.000,0.00,0.000,0.00
157,604.5,0.2495E-03,1799.,0.000,0.00,0.000,0.00,0.000,0.00
158,610.9,0.2465E-03,1816.,0.000,0.00,0.000,0.00,0.000,0.00
159,616.6,0.4157E-03,3120.,0.000,0.00,0.000,0.00,0.000,0.00
160,624.7,0.3590E-03,2765.,0.000,0.00,0.000,0.00,0.000,0.00
161,631.6,0.3299E-03,2598.,0.000,0.00,0.000,0.00,0.000,0.00
162,636.8,0.4316E-03,3455.,0.000,0.00,0.000,0.00,0.000,0.00
163,637.4,0.3853E-03,3090.,0.000,0.00,0.000,0.00,0.000,0.00
164,641.0,0.1390E-02,0.1127E+05,0.000,0.00,0.000,0.00,0.000,0.00
165,647.2,0.2138E-03,1768.,0.000,0.00,0.000,0.00,0.000,0.00
166,650.3,0.2207E-03,1843.,0.000,0.00,0.000,0.00,0.000,0.00
167,655.3,0.6098E-03,5169.,0.000,0.00,0.000,0.00,0.000,0.00
168,656.5,0.1089E-03,926.4,0.000,0.00,0.000,0.00,0.000,0.00
169,657.2,0.3950E-03,3367.,0.000,0.00,0.000,0.00,0.000,0.00
170,659.4,0.1079E-03,926.0,0.000,0.00,0.000,0.00,0.000,0.00
171,665.1,0.8153E-03,7119.,0.000,0.00,0.000,0.00,0.000,0.00
172,668.6,0.9427E-03,8317.,0.000,0.00,0.000,0.00,0.000,0.00
173,669.7,0.3506E-03,3104.,0.000,0.00,0.000,0.00,0.000,0.00
174,671.4,0.1145E-03,1019.,0.000,0.00,0.000,0.00,0.000,0.00
175,677.7,0.5300E-03,4804.,0.000,0.00,0.000,0.00,0.000,0.00
176,680.9,0.8122E-04,743.3,0.000,0.00,0.000,0.00,0.000,0.00
177,682.1,0.1184E-02,0.1087E+05,0.000,0.00,0.000,0.00,0.000,0.00
178,686.8,0.1587E-03,1477.,0.000,0.00,0.000,0.00,0.000,0.00
179,690.4,0.4642E-03,4367.,0.000,0.00,0.000,0.00,0.000,0.00
180,694.6,0.2571E-03,2449.,0.000,0.00,0.000,0.00,0.000,0.00
181,700.9,0.4605E-03,4465.,0.000,0.00,0.000,0.00,0.000,0.00
182,705.3,0.5957E-03,5849.,0.000,0.00,0.000,0.00,0.000,0.00
183,710.0,0.1194E-03,1188.,0.000,0.00,0.000,0.00,0.000,0.00
184,718.8,0.3454E-03,3523.,0.000,0.00,0.000,0.00,0.000,0.00
185,739.2,0.4378E-04,472.2,0.000,0.00,0.000,0.00,0.000,0.00
186,742.7,0.6549E-03,7132.,0.000,0.00,0.000,0.00,0.000,0.00
187,745.7,0.2912E-03,3196.,0.000,0.00,0.000,0.00,0.000,0.00
188,760.4,0.6453E-04,736.5,0.000,0.00,0.000,0.00,0.000,0.00
189,761.5,0.1933E-03,2213.,0.000,0.00,0.000,0.00,0.000,0.00
190,768.0,0.1405E-03,1636.,0.000,0.00,0.000,0.00,0.000,0.00
191,776.4,0.1498E-03,1783.,0.000,0.00,0.000,0.00,0.000,0.00
192,786.5,0.2327E-03,2842.,0.000,0.00,0.000,0.00,0.000,0.00
193,789.5,0.2657E-03,3270.,0.000,0.00,0.000,0.00,0.000,0.00
194,793.8,0.1536E-03,1911.,0.000,0.00,0.000,0.00,0.000,0.00
195,807.0,0.5848E-03,7518.,0.000,0.00,0.000,0.00,0.000,0.00
196,812.2,0.6581E-03,8569.,0.000,0.00,0.000,0.00,0.000,0.00
197,813.1,0.8181E-03,0.1068E+05,0.000,0.00,0.000,0.00,0.000,0.00
198,816.5,0.3996E-03,5259.,0.000,0.00,0.000,0.00,0.000,0.00
199,825.8,0.1547E-03,2082.,0.000,0.00,0.000,0.00,0.000,0.00
200,829.9,0.5010E-03,6811.,0.000,0.00,0.000,0.00,0.000,0.00
201,834.3,0.2114E-03,2904.,0.000,0.00,0.000,0.00,0.000,0.00
202,835.7,0.3251E-03,4481.,0.000,0.00,0.000,0.00,0.000,0.00
203,842.2,0.3174E-03,4443.,0.000,0.00,0.000,0.00,0.000,0.00
204,844.1,0.3769E-03,5302.,0.000,0.00,0.000,0.00,0.000,0.00
205,844.8,0.2380E-03,3353.,0.000,0.00,0.000,0.00,0.000,0.00
206,850.1,0.2815E-03,4016.,0.000,0.00,0.000,0.00,0.000,0.00
207,851.3,0.1766E-03,2526.,0.000,0.00,0.000,0.00,0.000,0.00
208,867.4,0.6737E-03,0.1001E+05,0.000,0.00,0.000,0.00,0.000,0.00
209,873.2,0.1872E-03,2818.,0.000,0.00,0.000,0.00,0.000,0.00
210,877.4,0.4701E-03,7144.,0.000,0.00,0.000,0.00,0.000,0.00
211,878.4,0.1893E-02,0.2883E+05,0.000,0.00,0.000,0.00,0.000,0.00
212,886.1,0.1253E-03,1942.,0.000,0.00,0.000,0.00,0.000,0.00
213,895.4,0.2214E-03,3504.,0.000,0.00,0.000,0.00,0.000,0.00
214,903.2,0.9744E-04,1569.,0.000,0.00,0.000,0.00,0.000,0.00
215,905.0,0.2471E-03,3995.,0.000,0.00,0.000,0.00,0.000,0.00
216,906.6,0.1429E-03,2319.,0.000,0.00,0.000,0.00,0.000,0.00
217,908.7,0.2751E-03,4484.,0.000,0.00,0.000,0.00,0.000,0.00
218,917.3,0.9674E-04,1607.,0.000,0.00,0.000,0.00,0.000,0.00
219,922.6,0.1093E-02,0.1837E+05,0.000,0.00,0.000,0.00,0.000,0.00
220,926.1,0.8447E-03,0.1430E+05,0.000,0.00,0.000,0.00,0.000,0.00
221,932.9,0.1563E-02,0.2685E+05,0.000,0.00,0.000,0.00,0.000,0.00
222,939.5,0.1782E-03,3105.,0.000,0.00,0.000,0.00,0.000,0.00
223,948.2,0.4357E-03,7732.,0.000,0.00,0.000,0.00,0.000,0.00
224,955.7,0.8599E-04,1550.,0.000,0.00,0.000,0.00,0.000,0.00
225,958.5,0.2937E-03,5326.,0.000,0.00,0.000,0.00,0.000,0.00
226,965.1,0.2259E-03,4153.,0.000,0.00,0.000,0.00,0.000,0.00
227,967.9,0.4518E-03,8355.,0.000,0.00,0.000,0.00,0.000,0.00
228,971.2,0.5026E-03,9357.,0.000,0.00,0.000,0.00,0.000,0.00
229,980.8,0.1207E-03,2292.,0.000,0.00,0.000,0.00,0.000,0.00
230,990.6,0.2884E-03,5587.,0.000,0.00,0.000,0.00,0.000,0.00
231,999.3,0.6275E-03,0.1237E+05,0.000,0.00,0.000,0.00,0.000,0.00
232,1006.,0.1965E-03,3923.,0.000,0.00,0.000,0.00,0.000,0.00
233,1011.,0.9399E-04,1894.,0.000,0.00,0.000,0.00,0.000,0.00
234,1015.,0.3893E-03,7912.,0.000,0.00,0.000,0.00,0.000,0.00
235,1022.,0.4099E-03,8448.,0.000,0.00,0.000,0.00,0.000,0.00
236,1028.,0.2163E-03,4508.,0.000,0.00,0.000,0.00,0.000,0.00
237,1037.,0.3849E-03,8178.,0.000,0.00,0.000,0.00,0.000,0.00
238,1042.,0.2992E-03,6416.,0.000,0.00,0.000,0.00,0.000,0.00
239,1046.,0.8945E-03,0.1933E+05,0.000,0.00,0.000,0.00,0.000,0.00
240,1057.,0.6735E-03,0.1485E+05,0.000,0.00,0.000,0.00,0.000,0.00
241,1061.,0.1087E-03,2415.,0.000,0.00,0.000,0.00,0.000,0.00
242,1068.,0.4846E-03,0.1091E+05,0.000,0.00,0.000,0.00,0.000,0.00
243,1081.,0.1699E-03,3918.,0.000,0.00,0.000,0.00,0.000,0.00
244,1083.,0.2591E-03,6001.,0.000,0.00,0.000,0.00,0.000,0.00
245,1089.,0.5994E-03,0.1403E+05,0.000,0.00,0.000,0.00,0.000,0.00
246,1094.,0.8665E-04,2049.,0.000,0.00,0.000,0.00,0.000,0.00
247,1096.,0.5902E-04,1399.,0.000,0.00,0.000,0.00,0.000,0.00
248,1107.,0.2332E-03,5645.,0.000,0.00,0.000,0.00,0.000,0.00
249,1109.,0.9357E-04,2270.,0.000,0.00,0.000,0.00,0.000,0.00
250,1113.,0.1201E-03,2936.,0.000,0.00,0.000,0.00,0.000,0.00
251,1128.,0.5557E-03,0.1395E+05,0.000,0.00,0.000,0.00,0.000,0.00
252,1130.,0.1298E-03,3275.,0.000,0.00,0.000,0.00,0.000,0.00
253,1133.,0.1214E-03,3079.,0.000,0.00,0.000,0.00,0.000,0.00
254,1137.,0.1594E-03,4065.,0.000,0.00,0.000,0.00,0.000,0.00
255,1144.,0.3951E-03,0.1021E+05,0.000,0.00,0.000,0.00,0.000,0.00
256,1169.,0.3970E-03,0.1071E+05,0.000,0.00,0.000,0.00,0.000,0.00
257,1172.,0.2887E-04,783.0,0.000,0.00,0.000,0.00,0.000,0.00
258,1176.,0.3896E-03,0.1063E+05,0.000,0.00,0.000,0.00,0.000,0.00
259,1188.,0.2586E-03,7198.,0.000,0.00,0.000,0.00,0.000,0.00
260,1190.,0.3543E-03,9911.,0.000,0.00,0.000,0.00,0.000,0.00
261,1195.,0.1728E-02,0.4873E+05,0.000,0.00,0.000,0.00,0.000,0.00
262,1203.,0.1912E-03,5461.,0.000,0.00,0.000,0.00,0.000,0.00
263,1206.,0.2039E-03,5849.,0.000,0.00,0.000,0.00,0.000,0.00
264,1211.,0.5353E-03,0.1549E+05,0.000,0.00,0.000,0.00,0.000,0.00
265,1212.,0.8397E-04,2434.,0.000,0.00,0.000,0.00,0.000,0.00
266,1219.,0.2928E-03,8591.,0.000,0.00,0.000,0.00,0.000,0.00
267,1223.,0.3097E-04,913.7,0.000,0.00,0.000,0.00,0.000,0.00
268,1227.,0.2703E-03,8033.,0.000,0.00,0.000,0.00,0.000,0.00
269,1230.,0.3166E-04,946.0,0.000,0.00,0.000,0.00,0.000,0.00
270,1240.,0.9967E-04,3023.,0.000,0.00,0.000,0.00,0.000,0.00
271,1244.,0.2599E-03,7932.,0.000,0.00,0.000,0.00,0.000,0.00
272,1254.,0.1862E-03,5783.,0.000,0.00,0.000,0.00,0.000,0.00
273,1265.,0.5451E-04,1721.,0.000,0.00,0.000,0.00,0.000,0.00
274,1274.,0.3122E-04,1000.0,0.000,0.00,0.000,0.00,0.000,0.00
275,1291.,0.9016E-04,2967.,0.000,0.00,0.000,0.00,0.000,0.00
276,1297.,0.1279E-03,4248.,0.000,0.00,0.000,0.00,0.000,0.00
277,1299.,0.2336E-04,777.6,0.000,0.00,0.000,0.00,0.000,0.00
278,1312.,0.1904E-03,6470.,0.000,0.00,0.000,0.00,0.000,0.00
279,1315.,0.3579E-03,0.1222E+05,0.000,0.00,0.000,0.00,0.000,0.00
280,1317.,0.1348E-03,4612.,0.000,0.00,0.000,0.00,0.000,0.00
281,1329.,0.1750E-03,6098.,0.000,0.00,0.000,0.00,0.000,0.00
282,1335.,0.2196E-03,7722.,0.000,0.00,0.000,0.00,0.000,0.00
283,1342.,0.1361E-03,4839.,0.000,0.00,0.000,0.00,0.000,0.00
284,1343.,0.9780E-04,3481.,0.000,0.00,0.000,0.00,0.000,0.00
285,1347.,0.8686E-04,3109.,0.000,0.00,0.000,0.00,0.000,0.00
286,1349.,0.1556E-03,5591.,0.000,0.00,0.000,0.00,0.000,0.00
287,1355.,0.3695E-03,0.1339E+05,0.000,0.00,0.000,0.00,0.000,0.00
288,1358.,0.6893E-04,2509.,0.000,0.00,0.000,0.00,0.000,0.00
289,1360.,0.1276E-03,4663.,0.000,0.00,0.000,0.00,0.000,0.00
290,1363.,0.1019E-03,3735.,0.000,0.00,0.000,0.00,0.000,0.00
291,1366.,0.4370E-03,0.1609E+05,0.000,0.00,0.000,0.00,0.000,0.00
292,1381.,0.2433E-03,9161.,0.000,0.00,0.000,0.00,0.000,0.00
293,1385.,0.4694E-03,0.1778E+05,0.000,0.00,0.000,0.00,0.000,0.00
294,1386.,0.5585E-03,0.2117E+05,0.000,0.00,0.000,0.00,0.000,0.00
295,1395.,0.1362E-03,5236.,0.000,0.00,0.000,0.00,0.000,0.00
296,1401.,0.1800E-03,6980.,0.000,0.00,0.000,0.00,0.000,0.00
297,1406.,0.9188E-04,3583.,0.000,0.00,0.000,0.00,0.000,0.00
298,1414.,0.2174E-03,8582.,0.000,0.00,0.000,0.00,0.000,0.00
299,1418.,0.1664E-03,6608.,0.000,0.00,0.000,0.00,0.000,0.00
300,1426.,0.8721E-03,0.3499E+05,0.000,0.00,0.000,0.00,0.000,0.00
301,1427.,0.2969E-03,0.1193E+05,0.000,0.00,0.000,0.00,0.000,0.00
302,1430.,0.1249E-03,5044.,0.000,0.00,0.000,0.00,0.000,0.00
303,1449.,0.8127E-04,3370.,0.000,0.00,0.000,0.00,0.000,0.00
304,1463.,0.3042E-03,0.1286E+05,0.000,0.00,0.000,0.00,0.000,0.00
305,1467.,0.2328E-03,9892.,0.000,0.00,0.000,0.00,0.000,0.00
306,1481.,0.9696E-04,4200.,0.000,0.00,0.000,0.00,0.000,0.00
307,1487.,0.1680E-03,7333.,0.000,0.00,0.000,0.00,0.000,0.00
308,1492.,0.5662E-03,0.2489E+05,0.000,0.00,0.000,0.00,0.000,0.00
309,1499.,0.2831E-03,0.1256E+05,0.000,0.00,0.000,0.00,0.000,0.00
310,1501.,0.1127E-03,5016.,0.000,0.00,0.000,0.00,0.000,0.00
311,1515.,0.1358E-03,6149.,0.000,0.00,0.000,0.00,0.000,0.00
312,1531.,0.9477E-04,4383.,0.000,0.00,0.000,0.00,0.000,0.00
313,1533.,0.1537E-03,7130.,0.000,0.00,0.000,0.00,0.000,0.00
314,1539.,0.1128E-02,0.5270E+05,0.000,0.00,0.000,0.00,0.000,0.00
315,1543.,0.7626E-04,3585.,0.000,0.00,0.000,0.00,0.000,0.00
316,1553.,0.1558E-03,7415.,0.000,0.00,0.000,0.00,0.000,0.00
317,1562.,0.1195E-03,5752.,0.000,0.00,0.000,0.00,0.000,0.00
318,1573.,0.3234E-03,0.1579E+05,0.000,0.00,0.000,0.00,0.000,0.00
319,1576.,0.3727E-03,0.1828E+05,0.000,0.00,0.000,0.00,0.000,0.00
320,1579.,0.3523E-03,0.1733E+05,0.000,0.00,0.000,0.00,0.000,0.00
321,1584.,0.1980E-03,9809.,0.000,0.00,0.000,0.00,0.000,0.00
322,1597.,0.1821E-03,9160.,0.000,0.00,0.000,0.00,0.000,0.00
323,1599.,0.7499E-03,0.3786E+05,0.000,0.00,0.000,0.00,0.000,0.00
324,1603.,0.5833E-04,2960.,0.000,0.00,0.000,0.00,0.000,0.00
325,1606.,0.8309E-03,0.4232E+05,0.000,0.00,0.000,0.00,0.000,0.00
326,1615.,0.9204E-05,474.1,0.000,0.00,0.000,0.00,0.000,0.00
327,1625.,0.4846E-04,2525.,0.000,0.00,0.000,0.00,0.000,0.00
328,1633.,0.7288E-04,3835.,0.000,0.00,0.000,0.00,0.000,0.00
329,1637.,0.1612E-03,8532.,0.000,0.00,0.000,0.00,0.000,0.00
330,1642.,0.2596E-03,0.1381E+05,0.000,0.00,0.000,0.00,0.000,0.00
331,1644.,0.1193E-03,6369.,0.000,0.00,0.000,0.00,0.000,0.00
332,1645.,0.1409E-03,7531.,0.000,0.00,0.000,0.00,0.000,0.00
333,1655.,0.2168E-04,1172.,0.000,0.00,0.000,0.00,0.000,0.00
334,1659.,0.3065E-04,1664.,0.000,0.00,0.000,0.00,0.000,0.00
335,1663.,0.1839E-04,1004.,0.000,0.00,0.000,0.00,0.000,0.00
336,1670.,0.4009E-03,0.2208E+05,0.000,0.00,0.000,0.00,0.000,0.00
337,1678.,0.1248E-03,6942.,0.000,0.00,0.000,0.00,0.000,0.00
338,1681.,0.1552E-03,8651.,0.000,0.00,0.000,0.00,0.000,0.00
339,1687.,0.2516E-03,0.1413E+05,0.000,0.00,0.000,0.00,0.000,0.00
340,1694.,0.1734E-03,9825.,0.000,0.00,0.000,0.00,0.000,0.00
341,1701.,0.6428E-03,0.3671E+05,0.000,0.00,0.000,0.00,0.000,0.00
342,1707.,0.4215E-03,0.2425E+05,0.000,0.00,0.000,0.00,0.000,0.00
343,1712.,0.1120E-03,6478.,0.000,0.00,0.000,0.00,0.000,0.00
344,1714.,0.1885E-03,0.1093E+05,0.000,0.00,0.000,0.00,0.000,0.00
345,1725.,0.3688E-03,0.2165E+05,0.000,0.00,0.000,0.00,0.000,0.00
346,1727.,0.2707E-03,0.1595E+05,0.000,0.00,0.000,0.00,0.000,0.00
347,1742.,0.5482E-03,0.3282E+05,0.000,0.00,0.000,0.00,0.000,0.00
348,1748.,0.1891E-03,0.1141E+05,0.000,0.00,0.000,0.00,0.000,0.00
349,1756.,0.2902E-03,0.1766E+05,0.000,0.00,0.000,0.00,0.000,0.00
350,1757.,0.1935E-03,0.1179E+05,0.000,0.00,0.000,0.00,0.000,0.00
351,1758.,0.3300E-03,0.2012E+05,0.000,0.00,0.000,0.00,0.000,0.00
352,1766.,0.6373E-03,0.3921E+05,0.000,0.00,0.000,0.00,0.000,0.00
353,1768.,0.5569E-03,0.3436E+05,0.000,0.00,0.000,0.00,0.000,0.00
354,1776.,0.3103E-03,0.1932E+05,0.000,0.00,0.000,0.00,0.000,0.00
355,1778.,0.4561E-03,0.2847E+05,0.000,0.00,0.000,0.00,0.000,0.00
356,1780.,0.2493E-03,0.1560E+05,0.000,0.00,0.000,0.00,0.000,0.00
357,1784.,0.2188E-03,0.1375E+05,0.000,0.00,0.000,0.00,0.000,0.00
358,1788.,0.2098E-03,0.1324E+05,0.000,0.00,0.000,0.00,0.000,0.00
359,1793.,0.1140E-03,7236.,0.000,0.00,0.000,0.00,0.000,0.00
360,1795.,0.9681E-03,0.6159E+05,0.000,0.00,0.000,0.00,0.000,0.00
361,1801.,0.1671E-03,0.1070E+05,0.000,0.00,0.000,0.00,0.000,0.00
362,1803.,0.2697E-03,0.1731E+05,0.000,0.00,0.000,0.00,0.000,0.00
363,1810.,0.4033E-03,0.2608E+05,0.000,0.00,0.000,0.00,0.000,0.00
364,1817.,0.1654E-03,0.1078E+05,0.000,0.00,0.000,0.00,0.000,0.00
365,1819.,0.2205E-03,0.1440E+05,0.000,0.00,0.000,0.00,0.000,0.00
366,1821.,0.6636E-04,4342.,0.000,0.00,0.000,0.00,0.000,0.00
367,1827.,0.5846E-04,3854.,0.000,0.00,0.000,0.00,0.000,0.00
368,1833.,0.3567E-03,0.2366E+05,0.000,0.00,0.000,0.00,0.000,0.00
369,1839.,0.9911E-05,661.8,0.000,0.00,0.000,0.00,0.000,0.00
370,1842.,0.3532E-04,2364.,0.000,0.00,0.000,0.00,0.000,0.00
371,1849.,0.1041E-03,7021.,0.000,0.00,0.000,0.00,0.000,0.00
372,1862.,0.1112E-03,7606.,0.000,0.00,0.000,0.00,0.000,0.00
373,1863.,0.3189E-03,0.2185E+05,0.000,0.00,0.000,0.00,0.000,0.00
374,1870.,0.3315E-04,2287.,0.000,0.00,0.000,0.00,0.000,0.00
375,1881.,0.2630E-03,0.1837E+05,0.000,0.00,0.000,0.00,0.000,0.00
376,1884.,0.6132E-04,4294.,0.000,0.00,0.000,0.00,0.000,0.00
377,1888.,0.1865E-03,0.1313E+05,0.000,0.00,0.000,0.00,0.000,0.00
378,1898.,0.1597E-03,0.1136E+05,0.000,0.00,0.000,0.00,0.000,0.00
379,1902.,0.3609E-04,2576.,0.000,0.00,0.000,0.00,0.000,0.00
380,1913.,0.1293E-04,934.1,0.000,0.00,0.000,0.00,0.000,0.00
381,1917.,0.3450E-04,2504.,0.000,0.00,0.000,0.00,0.000,0.00
382,1927.,0.3050E-04,2235.,0.000,0.00,0.000,0.00,0.000,0.00
383,1942.,0.7879E-04,5867.,0.000,0.00,0.000,0.00,0.000,0.00
384,1946.,0.3050E-03,0.2281E+05,0.000,0.00,0.000,0.00,0.000,0.00
385,1955.,0.6481E-04,4891.,0.000,0.00,0.000,0.00,0.000,0.00
386,1966.,0.2894E-03,0.2208E+05,0.000,0.00,0.000,0.00,0.000,0.00
387,1970.,0.4174E-04,3198.,0.000,0.00,0.000,0.00,0.000,0.00
388,1975.,0.6041E-04,4650.,0.000,0.00,0.000,0.00,0.000,0.00
389,1984.,0.6402E-04,4975.,0.000,0.00,0.000,0.00,0.000,0.00
390,1986.,0.7805E-04,6077.,0.000,0.00,0.000,0.00,0.000,0.00
391,1996.,0.3405E-03,0.2679E+05,0.000,0.00,0.000,0.00,0.000,0.00
392,1999.,0.3039E-03,0.2396E+05,0.000,0.00,0.000,0.00,0.000,0.00
393,2002.,0.1992E-03,0.1577E+05,0.000,0.00,0.000,0.00,0.000,0.00
394,2004.,0.4193E-03,0.3323E+05,0.000,0.00,0.000,0.00,0.000,0.00
395,2012.,0.1848E-03,0.1477E+05,0.000,0.00,0.000,0.00,0.000,0.00
396,2013.,0.1757E-03,0.1405E+05,0.000,0.00,0.000,0.00,0.000,0.00
397,2016.,0.1022E-03,8204.,0.000,0.00,0.000,0.00,0.000,0.00
398,2017.,0.7537E-04,6053.,0.000,0.00,0.000,0.00,0.000,0.00
399,2023.,0.2446E-03,0.1976E+05,0.000,0.00,0.000,0.00,0.000,0.00
400,2030.,0.3063E-03,0.2492E+05,0.000,0.00,0.000,0.00,0.000,0.00
401,2043.,0.4876E-03,0.4019E+05,0.000,0.00,0.000,0.00,0.000,0.00
402,2046.,0.4327E-03,0.3575E+05,0.000,0.00,0.000,0.00,0.000,0.00
403,2049.,0.8934E-04,7402.,0.000,0.00,0.000,0.00,0.000,0.00
404,2054.,0.1152E-03,9594.,0.000,0.00,0.000,0.00,0.000,0.00
405,2057.,0.7749E-04,6472.,0.000,0.00,0.000,0.00,0.000,0.00
406,2063.,0.1470E-03,0.1236E+05,0.000,0.00,0.000,0.00,0.000,0.00
407,2082.,0.2405E-03,0.2058E+05,0.000,0.00,0.000,0.00,0.000,0.00
408,2091.,0.1255E-03,0.1083E+05,0.000,0.00,0.000,0.00,0.000,0.00
409,2097.,0.5613E-04,4871.,0.000,0.00,0.000,0.00,0.000,0.00
410,2107.,0.7199E-04,6308.,0.000,0.00,0.000,0.00,0.000,0.00
411,2111.,0.1735E-03,0.1526E+05,0.000,0.00,0.000,0.00,0.000,0.00
412,2122.,0.3230E-03,0.2870E+05,0.000,0.00,0.000,0.00,0.000,0.00
413,2132.,0.2427E-03,0.2176E+05,0.000,0.00,0.000,0.00,0.000,0.00
414,2141.,0.7888E-04,7140.,0.000,0.00,0.000,0.00,0.000,0.00
415,2150.,0.4431E-04,4043.,0.000,0.00,0.000,0.00,0.000,0.00
416,2154.,0.8946E-04,8192.,0.000,0.00,0.000,0.00,0.000,0.00
417,2160.,0.1035E-03,9537.,0.000,0.00,0.000,0.00,0.000,0.00
418,2170.,0.1430E-03,0.1329E+05,0.000,0.00,0.000,0.00,0.000,0.00
419,2187.,0.4828E-04,4556.,0.000,0.00,0.000,0.00,0.000,0.00
420,2193.,0.1135E-03,0.1077E+05,0.000,0.00,0.000,0.00,0.000,0.00
421,2195.,0.1874E-03,0.1782E+05,0.000,0.00,0.000,0.00,0.000,0.00
422,2201.,0.1332E-03,0.1273E+05,0.000,0.00,0.000,0.00,0.000,0.00
423,2216.,0.1743E-03,0.1690E+05,0.000,0.00,0.000,0.00,0.000,0.00
424,2219.,0.1087E-03,0.1057E+05,0.000,0.00,0.000,0.00,0.000,0.00
425,2220.,0.1199E-03,0.1166E+05,0.000,0.00,0.000,0.00,0.000,0.00
426,2227.,0.1220E-03,0.1194E+05,0.000,0.00,0.000,0.00,0.000,0.00
427,2232.,0.1321E-04,1299.,0.000,0.00,0.000,0.00,0.000,0.00
428,2232.,0.1055E-03,0.1038E+05,0.000,0.00,0.000,0.00,0.000,0.00
429,2233.,0.1391E-03,0.1369E+05,0.000,0.00,0.000,0.00,0.000,0.00
430,2240.,0.2871E-02,0.2845E+06,0.000,0.00,0.000,0.00,0.000,0.00
431,2242.,0.1898E-03,0.1883E+05,0.000,0.00,0.000,0.00,0.000,0.00
432,2255.,0.1115E-04,1119.,0.000,0.00,0.000,0.00,0.000,0.00
433,2269.,0.3301E-04,3355.,0.000,0.00,0.000,0.00,0.000,0.00
434,2276.,0.3034E-04,3101.,0.000,0.00,0.000,0.00,0.000,0.00
435,2297.,0.8251E-04,8597.,0.000,0.00,0.000,0.00,0.000,0.00
436,2306.,0.6067E-03,0.6369E+05,0.000,0.00,0.000,0.00,0.000,0.00
437,2317.,0.4769E-04,5053.,0.000,0.00,0.000,0.00,0.000,0.00
438,2319.,0.1043E-03,0.1107E+05,0.000,0.00,0.000,0.00,0.000,0.00
439,2321.,0.3521E-03,0.3746E+05,0.000,0.00,0.000,0.00,0.000,0.00
440,2324.,0.7272E-03,0.7752E+05,0.000,0.00,0.000,0.00,0.000,0.00
441,2328.,0.1515E-04,1620.,0.000,0.00,0.000,0.00,0.000,0.00
442,2336.,0.3565E-04,3840.,0.000,0.00,0.000,0.00,0.000,0.00
443,2342.,0.1751E-04,1895.,0.000,0.00,0.000,0.00,0.000,0.00
444,2345.,0.7523E-03,0.8166E+05,0.000,0.00,0.000,0.00,0.000,0.00
445,2358.,0.2140E-03,0.2349E+05,0.000,0.00,0.000,0.00,0.000,0.00
446,2363.,0.1019E-03,0.1123E+05,0.000,0.00,0.000,0.00,0.000,0.00
447,2366.,0.3817E-03,0.4219E+05,0.000,0.00,0.000,0.00,0.000,0.00
448,2369.,0.3311E-03,0.3670E+05,0.000,0.00,0.000,0.00,0.000,0.00
449,2375.,0.2282E-03,0.2542E+05,0.000,0.00,0.000,0.00,0.000,0.00
450,2380.,0.7442E-05,832.4,0.000,0.00,0.000,0.00,0.000,0.00
451,2384.,0.9088E-03,0.1020E+06,0.000,0.00,0.000,0.00,0.000,0.00
452,2389.,0.7017E-04,7903.,0.000,0.00,0.000,0.00,0.000,0.00
453,2395.,0.1514E-03,0.1713E+05,0.000,0.00,0.000,0.00,0.000,0.00
454,2404.,0.2769E-03,0.3159E+05,0.000,0.00,0.000,0.00,0.000,0.00
455,2406.,0.1455E-03,0.1663E+05,0.000,0.00,0.000,0.00,0.000,0.00
456,2417.,0.5862E-03,0.6757E+05,0.000,0.00,0.000,0.00,0.000,0.00
457,2418.,0.1434E-03,0.1654E+05,0.000,0.00,0.000,0.00,0.000,0.00
458,2425.,0.9581E-05,1112.,0.000,0.00,0.000,0.00,0.000,0.00
459,2426.,0.8076E-03,0.9383E+05,0.000,0.00,0.000,0.00,0.000,0.00
460,2431.,0.4387E-04,5117.,0.000,0.00,0.000,0.00,0.000,0.00
461,2435.,0.3044E-03,0.3563E+05,0.000,0.00,0.000,0.00,0.000,0.00
462,2443.,0.3139E-03,0.3699E+05,0.000,0.00,0.000,0.00,0.000,0.00
463,2447.,0.9522E-04,0.1125E+05,0.000,0.00,0.000,0.00,0.000,0.00
464,2452.,0.3384E-03,0.4015E+05,0.000,0.00,0.000,0.00,0.000,0.00
465,2455.,0.4269E-04,5080.,0.000,0.00,0.000,0.00,0.000,0.00
466,2459.,0.2393E-03,0.2856E+05,0.000,0.00,0.000,0.00,0.000,0.00
467,2461.,0.1018E-03,0.1217E+05,0.000,0.00,0.000,0.00,0.000,0.00
468,2463.,0.1041E-03,0.1247E+05,0.000,0.00,0.000,0.00,0.000,0.00
469,2470.,0.3723E-03,0.4484E+05,0.000,0.00,0.000,0.00,0.000,0.00
470,2471.,0.9766E-04,0.1177E+05,0.000,0.00,0.000,0.00,0.000,0.00
471,2482.,0.3085E-04,3751.,0.000,0.00,0.000,0.00,0.000,0.00
472,2487.,0.1041E-03,0.1271E+05,0.000,0.00,0.000,0.00,0.000,0.00
473,2492.,0.3357E-03,0.4115E+05,0.000,0.00,0.000,0.00,0.000,0.00
474,2493.,0.9378E-04,0.1151E+05,0.000,0.00,0.000,0.00,0.000,0.00
475,2496.,0.4160E-03,0.5115E+05,0.000,0.00,0.000,0.00,0.000,0.00
476,2504.,0.1105E-03,0.1367E+05,0.000,0.00,0.000,0.00,0.000,0.00
477,2512.,0.8585E-04,0.1069E+05,0.000,0.00,0.000,0.00,0.000,0.00
478,2523.,0.5547E-04,6970.,0.000,0.00,0.000,0.00,0.000,0.00
479,2524.,0.3891E-03,0.4895E+05,0.000,0.00,0.000,0.00,0.000,0.00
480,2535.,0.1973E-03,0.2503E+05,0.000,0.00,0.000,0.00,0.000,0.00
481,2543.,0.9676E-04,0.1235E+05,0.000,0.00,0.000,0.00,0.000,0.00
482,2558.,0.6601E-04,8526.,0.000,0.00,0.000,0.00,0.000,0.00
483,2569.,0.3261E-03,0.4249E+05,0.000,0.00,0.000,0.00,0.000,0.00
484,2570.,0.1290E-03,0.1682E+05,0.000,0.00,0.000,0.00,0.000,0.00
485,2588.,0.5780E-03,0.7642E+05,0.000,0.00,0.000,0.00,0.000,0.00
486,2592.,0.2674E-03,0.3546E+05,0.000,0.00,0.000,0.00,0.000,0.00
487,2598.,0.1639E-03,0.2184E+05,0.000,0.00,0.000,0.00,0.000,0.00
488,2607.,0.2375E-03,0.3187E+05,0.000,0.00,0.000,0.00,0.000,0.00
489,2619.,0.7685E-04,0.1040E+05,0.000,0.00,0.000,0.00,0.000,0.00
490,2624.,0.5846E-03,0.7944E+05,0.000,0.00,0.000,0.00,0.000,0.00
491,2631.,0.9032E-04,0.1234E+05,0.000,0.00,0.000,0.00,0.000,0.00
492,2637.,0.1660E-03,0.2278E+05,0.000,0.00,0.000,0.00,0.000,0.00
493,2641.,0.4585E-04,6311.,0.000,0.00,0.000,0.00,0.000,0.00
494,2645.,0.6974E-04,9629.,0.000,0.00,0.000,0.00,0.000,0.00
495,2648.,0.1153E-02,0.1596E+06,0.000,0.00,0.000,0.00,0.000,0.00
496,2657.,0.2909E-03,0.4052E+05,0.000,0.00,0.000,0.00,0.000,0.00
497,2658.,0.1433E-03,0.1999E+05,0.000,0.00,0.000,0.00,0.000,0.00
498,2662.,0.2030E-03,0.2838E+05,0.000,0.00,0.000,0.00,0.000,0.00
499,2669.,0.1035E-03,0.1456E+05,0.000,0.00,0.000,0.00,0.000,0.00
500,2674.,0.1135E-03,0.1602E+05,0.000,0.00,0.000,0.00,0.000,0.00
501,2684.,0.1341E-04,1907.,0.000,0.00,0.000,0.00,0.000,0.00
502,2690.,0.7179E-03,0.1025E+06,0.000,0.00,0.000,0.00,0.000,0.00
503,2690.,0.1908E-04,2725.,0.000,0.00,0.000,0.00,0.000,0.00
504,2700.,0.2507E-03,0.3609E+05,0.000,0.00,0.000,0.00,0.000,0.00
505,2709.,0.2321E-03,0.3362E+05,0.000,0.00,0.000,0.00,0.000,0.00
506,2714.,0.5571E-04,8097.,0.000,0.00,0.000,0.00,0.000,0.00
507,2715.,0.3163E-03,0.4600E+05,0.000,0.00,0.000,0.00,0.000,0.00
508,2718.,0.1916E-03,0.2793E+05,0.000,0.00,0.000,0.00,0.000,0.00
509,2728.,0.1804E-04,2649.,0.000,0.00,0.000,0.00,0.000,0.00
510,2737.,0.4710E-04,6967.,0.000,0.00,0.000,0.00,0.000,0.00
511,2743.,0.4821E-04,7157.,0.000,0.00,0.000,0.00,0.000,0.00
512,2748.,0.4489E-03,0.6693E+05,0.000,0.00,0.000,0.00,0.000,0.00
513,2752.,0.1304E-03,0.1949E+05,0.000,0.00,0.000,0.00,0.000,0.00
514,2757.,0.1549E-03,0.2324E+05,0.000,0.00,0.000,0.00,0.000,0.00
515,2765.,0.6932E-04,0.1046E+05,0.000,0.00,0.000,0.00,0.000,0.00
516,2770.,0.1249E-03,0.1891E+05,0.000,0.00,0.000,0.00,0.000,0.00
517,2785.,0.2675E-03,0.4097E+05,0.000,0.00,0.000,0.00,0.000,0.00
518,2793.,0.3945E-03,0.6074E+05,0.000,0.00,0.000,0.00,0.000,0.00
519,2801.,0.6124E-04,9482.,0.000,0.00,0.000,0.00,0.000,0.00
520,2804.,0.1849E-03,0.2870E+05,0.000,0.00,0.000,0.00,0.000,0.00
521,2805.,0.3637E-03,0.5649E+05,0.000,0.00,0.000,0.00,0.000,0.00
522,2811.,0.1145E-03,0.1786E+05,0.000,0.00,0.000,0.00,0.000,0.00
523,2814.,0.1857E-03,0.2902E+05,0.000,0.00,0.000,0.00,0.000,0.00
524,2825.,0.3165E-03,0.4988E+05,0.000,0.00,0.000,0.00,0.000,0.00
525,2831.,0.3809E-03,0.6024E+05,0.000,0.00,0.000,0.00,0.000,0.00
526,2839.,0.1696E-03,0.2699E+05,0.000,0.00,0.000,0.00,0.000,0.00
527,2842.,0.3289E-03,0.5244E+05,0.000,0.00,0.000,0.00,0.000,0.00
528,2846.,0.5472E-03,0.8750E+05,0.000,0.00,0.000,0.00,0.000,0.00
529,2857.,0.2246E-03,0.3618E+05,0.000,0.00,0.000,0.00,0.000,0.00
530,2858.,0.2937E-04,4736.,0.000,0.00,0.000,0.00,0.000,0.00
531,2866.,0.3291E-03,0.5337E+05,0.000,0.00,0.000,0.00,0.000,0.00
532,2868.,0.6749E-03,0.1096E+06,0.000,0.00,0.000,0.00,0.000,0.00
533,2876.,0.8548E-04,0.1396E+05,0.000,0.00,0.000,0.00,0.000,0.00
534,2881.,0.3508E-03,0.5748E+05,0.000,0.00,0.000,0.00,0.000,0.00
535,2885.,0.3056E-03,0.5019E+05,0.000,0.00,0.000,0.00,0.000,0.00
536,2888.,0.1540E-03,0.2535E+05,0.000,0.00,0.000,0.00,0.000,0.00
537,2897.,0.9988E-04,0.1655E+05,0.000,0.00,0.000,0.00,0.000,0.00
538,2903.,0.4358E-04,7248.,0.000,0.00,0.000,0.00,0.000,0.00
539,2905.,0.1288E-03,0.2145E+05,0.000,0.00,0.000,0.00,0.000,0.00
540,2916.,0.5449E-03,0.9142E+05,0.000,0.00,0.000,0.00,0.000,0.00
541,2918.,0.1203E-03,0.2023E+05,0.000,0.00,0.000,0.00,0.000,0.00
542,2926.,0.5993E-04,0.1013E+05,0.000,0.00,0.000,0.00,0.000,0.00
543,2930.,0.2300E-03,0.3898E+05,0.000,0.00,0.000,0.00,0.000,0.00
544,2943.,0.1619E-03,0.2767E+05,0.000,0.00,0.000,0.00,0.000,0.00
545,2948.,0.2861E-03,0.4908E+05,0.000,0.00,0.000,0.00,0.000,0.00
546,2950.,0.3506E-03,0.6022E+05,0.000,0.00,0.000,0.00,0.000,0.00
547,2958.,0.7314E-04,0.1263E+05,0.000,0.00,0.000,0.00,0.000,0.00
548,2975.,0.5366E-03,0.9373E+05,0.000,0.00,0.000,0.00,0.000,0.00
549,2981.,0.2550E-03,0.4475E+05,0.000,0.00,0.000,0.00,0.000,0.00
550,2988.,0.1703E-04,3001.,0.000,0.00,0.000,0.00,0.000,0.00
551,2990.,0.8140E-04,0.1437E+05,0.000,0.00,0.000,0.00,0.000,0.00
552,3000.,0.6262E-03,0.1112E+06,0.000,0.00,0.000,0.00,0.000,0.00
553,3007.,0.3720E-03,0.6638E+05,0.000,0.00,0.000,0.00,0.000,0.00
554,3012.,0.3805E-03,0.6815E+05,0.000,0.00,0.000,0.00,0.000,0.00
555,3016.,0.1976E-03,0.3547E+05,0.000,0.00,0.000,0.00,0.000,0.00
556,3018.,0.5728E-03,0.1030E+06,0.000,0.00,0.000,0.00,0.000,0.00
557,3029.,0.3195E-03,0.5788E+05,0.000,0.00,0.000,0.00,0.000,0.00
558,3034.,0.4403E-03,0.8004E+05,0.000,0.00,0.000,0.00,0.000,0.00
559,3045.,0.5201E-03,0.9517E+05,0.000,0.00,0.000,0.00,0.000,0.00
560,3060.,0.1576E-03,0.2913E+05,0.000,0.00,0.000,0.00,0.000,0.00
561,3064.,0.3446E-03,0.6385E+05,0.000,0.00,0.000,0.00,0.000,0.00
562,3067.,0.3069E-03,0.5700E+05,0.000,0.00,0.000,0.00,0.000,0.00
563,3075.,0.2044E-03,0.3816E+05,0.000,0.00,0.000,0.00,0.000,0.00
564,3078.,0.2812E-03,0.5261E+05,0.000,0.00,0.000,0.00,0.000,0.00
565,3089.,0.1639E-03,0.3086E+05,0.000,0.00,0.000,0.00,0.000,0.00
566,3111.,0.2265E-03,0.4326E+05,0.000,0.00,0.000,0.00,0.000,0.00
567,3113.,0.8104E-03,0.1550E+06,0.000,0.00,0.000,0.00,0.000,0.00
568,3115.,0.1356E-03,0.2598E+05,0.000,0.00,0.000,0.00,0.000,0.00
569,3129.,0.1266E-03,0.2446E+05,0.000,0.00,0.000,0.00,0.000,0.00
570,3135.,0.8548E-04,0.1658E+05,0.000,0.00,0.000,0.00,0.000,0.00
571,3150.,0.1546E-03,0.3027E+05,0.000,0.00,0.000,0.00,0.000,0.00
572,3159.,0.2299E-03,0.4529E+05,0.000,0.00,0.000,0.00,0.000,0.00
573,3168.,0.1913E-03,0.3791E+05,0.000,0.00,0.000,0.00,0.000,0.00
574,3171.,0.5122E-04,0.1017E+05,0.000,0.00,0.000,0.00,0.000,0.00
575,3178.,0.2216E-03,0.4419E+05,0.000,0.00,0.000,0.00,0.000,0.00
576,3194.,0.2526E-04,5086.,0.000,0.00,0.000,0.00,0.000,0.00
577,3208.,0.1560E-04,3169.,0.000,0.00,0.000,0.00,0.000,0.00
578,3217.,0.9137E-04,0.1867E+05,0.000,0.00,0.000,0.00,0.000,0.00
579,3226.,0.9445E-04,0.1941E+05,0.000,0.00,0.000,0.00,0.000,0.00
580,3236.,0.2620E-04,5416.,0.000,0.00,0.000,0.00,0.000,0.00
581,3245.,0.2936E-04,6100.,0.000,0.00,0.000,0.00,0.000,0.00
582,3250.,0.4126E-04,8600.,0.000,0.00,0.000,0.00,0.000,0.00
583,3260.,0.3097E-03,0.6494E+05,0.000,0.00,0.000,0.00,0.000,0.00
584,3270.,0.3171E-03,0.6692E+05,0.000,0.00,0.000,0.00,0.000,0.00
585,3279.,0.9741E-04,0.2067E+05,0.000,0.00,0.000,0.00,0.000,0.00
586,3281.,0.3879E-03,0.8245E+05,0.000,0.00,0.000,0.00,0.000,0.00
587,3282.,0.1318E-03,0.2802E+05,0.000,0.00,0.000,0.00,0.000,0.00
588,3290.,0.8007E-04,0.1711E+05,0.000,0.00,0.000,0.00,0.000,0.00
589,3292.,0.5453E-03,0.1166E+06,0.000,0.00,0.000,0.00,0.000,0.00
590,3297.,0.1044E-03,0.2239E+05,0.000,0.00,0.000,0.00,0.000,0.00
591,3304.,0.9246E-04,0.1993E+05,0.000,0.00,0.000,0.00,0.000,0.00
592,3310.,0.6295E-04,0.1361E+05,0.000,0.00,0.000,0.00,0.000,0.00
593,3317.,0.1479E-03,0.3212E+05,0.000,0.00,0.000,0.00,0.000,0.00
594,3321.,0.3511E-03,0.7643E+05,0.000,0.00,0.000,0.00,0.000,0.00
595,3325.,0.1330E-02,0.2902E+06,0.000,0.00,0.000,0.00,0.000,0.00
596,3335.,0.1579E-03,0.3465E+05,0.000,0.00,0.000,0.00,0.000,0.00
597,3336.,0.1052E-02,0.2312E+06,0.000,0.00,0.000,0.00,0.000,0.00
598,3343.,0.5049E-04,0.1114E+05,0.000,0.00,0.000,0.00,0.000,0.00
599,3347.,0.2935E-04,6491.,0.000,0.00,0.000,0.00,0.000,0.00
600,3349.,0.1665E-03,0.3685E+05,0.000,0.00,0.000,0.00,0.000,0.00
601,3350.,0.8499E-04,0.1883E+05,0.000,0.00,0.000,0.00,0.000,0.00
602,3358.,0.2643E-03,0.5882E+05,0.000,0.00,0.000,0.00,0.000,0.00
603,3360.,0.1467E-03,0.3270E+05,0.000,0.00,0.000,0.00,0.000,0.00
604,3366.,0.2819E-03,0.6303E+05,0.000,0.00,0.000,0.00,0.000,0.00
605,3378.,0.1273E-03,0.2867E+05,0.000,0.00,0.000,0.00,0.000,0.00
606,3386.,0.1389E-03,0.3143E+05,0.000,0.00,0.000,0.00,0.000,0.00
607,3390.,0.2324E-03,0.5273E+05,0.000,0.00,0.000,0.00,0.000,0.00
608,3415.,0.3238E-03,0.7452E+05,0.000,0.00,0.000,0.00,0.000,0.00
609,3417.,0.1746E-03,0.4025E+05,0.000,0.00,0.000,0.00,0.000,0.00
610,3434.,0.9614E-04,0.2237E+05,0.000,0.00,0.000,0.00,0.000,0.00
611,3434.,0.2635E-03,0.6133E+05,0.000,0.00,0.000,0.00,0.000,0.00
612,3438.,0.3369E-03,0.7861E+05,0.000,0.00,0.000,0.00,0.000,0.00
613,3456.,0.9101E-04,0.2146E+05,0.000,0.00,0.000,0.00,0.000,0.00
614,3467.,0.2334E-03,0.5536E+05,0.000,0.00,0.000,0.00,0.000,0.00
615,3476.,0.2307E-03,0.5502E+05,0.000,0.00,0.000,0.00,0.000,0.00
616,3478.,0.1189E-03,0.2839E+05,0.000,0.00,0.000,0.00,0.000,0.00
617,3484.,0.1110E-04,2659.,0.000,0.00,0.000,0.00,0.000,0.00
618,3491.,0.6486E-03,0.1560E+06,0.000,0.00,0.000,0.00,0.000,0.00
619,3492.,0.5677E-03,0.1367E+06,0.000,0.00,0.000,0.00,0.000,0.00
620,3495.,0.3618E-03,0.8723E+05,0.000,0.00,0.000,0.00,0.000,0.00
621,3507.,0.1801E-03,0.4371E+05,0.000,0.00,0.000,0.00,0.000,0.00
622,3509.,0.5081E-03,0.1235E+06,0.000,0.00,0.000,0.00,0.000,0.00
623,3514.,0.8652E-04,0.2108E+05,0.000,0.00,0.000,0.00,0.000,0.00
624,3524.,0.1040E-03,0.2549E+05,0.000,0.00,0.000,0.00,0.000,0.00
625,3534.,0.1915E-03,0.4722E+05,0.000,0.00,0.000,0.00,0.000,0.00
626,3543.,0.1502E-03,0.3721E+05,0.000,0.00,0.000,0.00,0.000,0.00
627,3548.,0.2311E-03,0.5743E+05,0.000,0.00,0.000,0.00,0.000,0.00
628,3550.,0.9926E-04,0.2469E+05,0.000,0.00,0.000,0.00,0.000,0.00
629,3557.,0.9320E-04,0.2328E+05,0.000,0.00,0.000,0.00,0.000,0.00
630,3562.,0.2581E-03,0.6465E+05,0.000,0.00,0.000,0.00,0.000,0.00
631,3573.,0.1928E-03,0.4858E+05,0.000,0.00,0.000,0.00,0.000,0.00
632,3576.,0.1947E-03,0.4916E+05,0.000,0.00,0.000,0.00,0.000,0.00
633,3577.,0.1655E-03,0.4181E+05,0.000,0.00,0.000,0.00,0.000,0.00
634,3588.,0.1473E-03,0.3744E+05,0.000,0.00,0.000,0.00,0.000,0.00
635,3594.,0.8580E-04,0.2188E+05,0.000,0.00,0.000,0.00,0.000,0.00
636,3599.,0.8474E-04,0.2167E+05,0.000,0.00,0.000,0.00,0.000,0.00
637,3603.,0.1686E-03,0.4321E+05,0.000,0.00,0.000,0.00,0.000,0.00
638,3619.,0.5538E-04,0.1431E+05,0.000,0.00,0.000,0.00,0.000,0.00
639,3627.,0.9943E-03,0.2582E+06,0.000,0.00,0.000,0.00,0.000,0.00
640,3629.,0.1310E-03,0.3406E+05,0.000,0.00,0.000,0.00,0.000,0.00
641,3637.,0.1424E-03,0.3720E+05,0.000,0.00,0.000,0.00,0.000,0.00
642,3642.,0.5785E-03,0.1515E+06,0.000,0.00,0.000,0.00,0.000,0.00
643,3654.,0.3809E-03,0.1004E+06,0.000,0.00,0.000,0.00,0.000,0.00
644,3660.,0.2055E-03,0.5436E+05,0.000,0.00,0.000,0.00,0.000,0.00
645,3666.,0.7904E-04,0.2097E+05,0.000,0.00,0.000,0.00,0.000,0.00
646,3676.,0.2564E-03,0.6839E+05,0.000,0.00,0.000,0.00,0.000,0.00
647,3682.,0.3406E-03,0.9113E+05,0.000,0.00,0.000,0.00,0.000,0.00
648,3699.,0.2853E-03,0.7703E+05,0.000,0.00,0.000,0.00,0.000,0.00
649,3703.,0.1397E-03,0.3780E+05,0.000,0.00,0.000,0.00,0.000,0.00
650,3715.,0.1437E-02,0.3915E+06,0.000,0.00,0.000,0.00,0.000,0.00
651,3723.,0.1381E-03,0.3778E+05,0.000,0.00,0.000,0.00,0.000,0.00
652,3725.,0.6841E-03,0.1873E+06,0.000,0.00,0.000,0.00,0.000,0.00
653,3736.,0.1629E-03,0.4488E+05,0.000,0.00,0.000,0.00,0.000,0.00
654,3738.,0.6506E-03,0.1794E+06,0.000,0.00,0.000,0.00,0.000,0.00
655,3741.,0.7779E-03,0.2149E+06,0.000,0.00,0.000,0.00,0.000,0.00
656,3756.,0.1338E-03,0.3726E+05,0.000,0.00,0.000,0.00,0.000,0.00
657,3770.,0.4429E-03,0.1243E+06,0.000,0.00,0.000,0.00,0.000,0.00
658,3773.,0.6774E-03,0.1904E+06,0.000,0.00,0.000,0.00,0.000,0.00
659,3780.,0.3104E-03,0.8756E+05,0.000,0.00,0.000,0.00,0.000,0.00
660,3789.,0.3276E-03,0.9284E+05,0.000,0.00,0.000,0.00,0.000,0.00
661,3796.,0.1536E-03,0.4367E+05,0.000,0.00,0.000,0.00,0.000,0.00
662,3804.,0.1148E-03,0.3277E+05,0.000,0.00,0.000,0.00,0.000,0.00
663,3808.,0.2162E-03,0.6187E+05,0.000,0.00,0.000,0.00,0.000,0.00
664,3814.,0.1261E-03,0.3622E+05,0.000,0.00,0.000,0.00,0.000,0.00
665,3824.,0.5631E-03,0.1625E+06,0.000,0.00,0.000,0.00,0.000,0.00
666,3830.,0.3198E-03,0.9262E+05,0.000,0.00,0.000,0.00,0.000,0.00
667,3837.,0.2535E-03,0.7365E+05,0.000,0.00,0.000,0.00,0.000,0.00
668,3840.,0.4151E-03,0.1208E+06,0.000,0.00,0.000,0.00,0.000,0.00
669,3854.,0.6936E-03,0.2034E+06,0.000,0.00,0.000,0.00,0.000,0.00
670,3865.,0.1093E-03,0.3225E+05,0.000,0.00,0.000,0.00,0.000,0.00
671,3884.,0.1587E-03,0.4725E+05,0.000,0.00,0.000,0.00,0.000,0.00
672,3896.,0.1911E-03,0.5728E+05,0.000,0.00,0.000,0.00,0.000,0.00
673,3908.,0.4437E-03,0.1338E+06,0.000,0.00,0.000,0.00,0.000,0.00
674,3914.,0.2098E-03,0.6344E+05,0.000,0.00,0.000,0.00,0.000,0.00
675,3918.,0.3266E-03,0.9898E+05,0.000,0.00,0.000,0.00,0.000,0.00
676,3929.,0.1404E-03,0.4279E+05,0.000,0.00,0.000,0.00,0.000,0.00
677,3938.,0.1976E-03,0.6048E+05,0.000,0.00,0.000,0.00,0.000,0.00
678,3939.,0.9211E-04,0.2821E+05,0.000,0.00,0.000,0.00,0.000,0.00
679,3954.,0.3809E-03,0.1176E+06,0.000,0.00,0.000,0.00,0.000,0.00
680,3955.,0.8783E-04,0.2711E+05,0.000,0.00,0.000,0.00,0.000,0.00
681,3960.,0.2302E-03,0.7127E+05,0.000,0.00,0.000,0.00,0.000,0.00
682,3968.,0.7513E-04,0.2335E+05,0.000,0.00,0.000,0.00,0.000,0.00
683,3974.,0.1849E-03,0.5761E+05,0.000,0.00,0.000,0.00,0.000,0.00
684,3981.,0.5494E-04,0.1718E+05,0.000,0.00,0.000,0.00,0.000,0.00
685,3983.,0.1048E-03,0.3282E+05,0.000,0.00,0.000,0.00,0.000,0.00
686,3990.,0.1832E-03,0.5757E+05,0.000,0.00,0.000,0.00,0.000,0.00
687,4004.,0.1516E-03,0.4797E+05,0.000,0.00,0.000,0.00,0.000,0.00
688,4011.,0.1741E-03,0.5528E+05,0.000,0.00,0.000,0.00,0.000,0.00
689,4016.,0.1963E-04,6249.,0.000,0.00,0.000,0.00,0.000,0.00
690,4020.,0.1718E-03,0.5480E+05,0.000,0.00,0.000,0.00,0.000,0.00
691,4029.,0.2839E-03,0.9098E+05,0.000,0.00,0.000,0.00,0.000,0.00
692,4032.,0.1631E-03,0.5234E+05,0.000,0.00,0.000,0.00,0.000,0.00
693,4045.,0.2124E-03,0.6862E+05,0.000,0.00,0.000,0.00,0.000,0.00
694,4050.,0.4268E-04,0.1381E+05,0.000,0.00,0.000,0.00,0.000,0.00
695,4060.,0.1972E-02,0.6419E+06,0.000,0.00,0.000,0.00,0.000,0.00
696,4072.,0.5186E-04,0.1697E+05,0.000,0.00,0.000,0.00,0.000,0.00
697,4081.,0.3651E-03,0.1200E+06,0.000,0.00,0.000,0.00,0.000,0.00
698,4090.,0.2652E-03,0.8757E+05,0.000,0.00,0.000,0.00,0.000,0.00
699,4104.,0.4366E-04,0.1452E+05,0.000,0.00,0.000,0.00,0.000,0.00
700,4112.,0.5761E-04,0.1923E+05,0.000,0.00,0.000,0.00,0.000,0.00
701,4120.,0.1710E-04,5731.,0.000,0.00,0.000,0.00,0.000,0.00
702,4126.,0.4882E-04,0.1641E+05,0.000,0.00,0.000,0.00,0.000,0.00
703,4139.,0.2435E-03,0.8233E+05,0.000,0.00,0.000,0.00,0.000,0.00
704,4141.,0.3116E-03,0.1055E+06,0.000,0.00,0.000,0.00,0.000,0.00
705,4144.,0.5861E-04,0.1986E+05,0.000,0.00,0.000,0.00,0.000,0.00
706,4149.,0.1003E-03,0.3410E+05,0.000,0.00,0.000,0.00,0.000,0.00
707,4154.,0.5859E-03,0.1995E+06,0.000,0.00,0.000,0.00,0.000,0.00
708,4159.,0.1253E-03,0.4278E+05,0.000,0.00,0.000,0.00,0.000,0.00
709,4173.,0.1685E-03,0.5792E+05,0.000,0.00,0.000,0.00,0.000,0.00
710,4177.,0.8344E-04,0.2874E+05,0.000,0.00,0.000,0.00,0.000,0.00
711,4181.,0.3884E-03,0.1340E+06,0.000,0.00,0.000,0.00,0.000,0.00
712,4195.,0.1624E-03,0.5642E+05,0.000,0.00,0.000,0.00,0.000,0.00
713,4196.,0.3759E-04,0.1306E+05,0.000,0.00,0.000,0.00,0.000,0.00
714,4197.,0.4631E-03,0.1610E+06,0.000,0.00,0.000,0.00,0.000,0.00
715,4199.,0.6802E-04,0.2367E+05,0.000,0.00,0.000,0.00,0.000,0.00
716,4201.,0.4571E-04,0.1592E+05,0.000,0.00,0.000,0.00,0.000,0.00
717,4205.,0.1866E-03,0.6512E+05,0.000,0.00,0.000,0.00,0.000,0.00
718,4214.,0.1578E-03,0.5530E+05,0.000,0.00,0.000,0.00,0.000,0.00
719,4219.,0.9591E-04,0.3370E+05,0.000,0.00,0.000,0.00,0.000,0.00
720,4232.,0.1258E-03,0.4448E+05,0.000,0.00,0.000,0.00,0.000,0.00
721,4243.,0.1024E-03,0.3640E+05,0.000,0.00,0.000,0.00,0.000,0.00
722,4246.,0.1940E-03,0.6904E+05,0.000,0.00,0.000,0.00,0.000,0.00
723,4248.,0.8362E-04,0.2979E+05,0.000,0.00,0.000,0.00,0.000,0.00
724,4252.,0.1078E-03,0.3847E+05,0.000,0.00,0.000,0.00,0.000,0.00
725,4257.,0.2907E-03,0.1040E+06,0.000,0.00,0.000,0.00,0.000,0.00
726,4262.,0.7052E-04,0.2528E+05,0.000,0.00,0.000,0.00,0.000,0.00
727,4272.,0.2719E-03,0.9796E+05,0.000,0.00,0.000,0.00,0.000,0.00
728,4275.,0.2894E-03,0.1044E+06,0.000,0.00,0.000,0.00,0.000,0.00
729,4285.,0.2297E-03,0.8326E+05,0.000,0.00,0.000,0.00,0.000,0.00
730,4286.,0.2933E-03,0.1064E+06,0.000,0.00,0.000,0.00,0.000,0.00
731,4301.,0.2048E-03,0.7478E+05,0.000,0.00,0.000,0.00,0.000,0.00
732,4307.,0.1385E-03,0.5072E+05,0.000,0.00,0.000,0.00,0.000,0.00
733,4313.,0.7567E-04,0.2779E+05,0.000,0.00,0.000,0.00,0.000,0.00
734,4317.,0.6782E-04,0.2494E+05,0.000,0.00,0.000,0.00,0.000,0.00
735,4334.,0.4502E-03,0.1669E+06,0.000,0.00,0.000,0.00,0.000,0.00
736,4348.,0.6579E-03,0.2455E+06,0.000,0.00,0.000,0.00,0.000,0.00
737,4350.,0.3275E-03,0.1223E+06,0.000,0.00,0.000,0.00,0.000,0.00
738,4359.,0.2526E-03,0.9473E+05,0.000,0.00,0.000,0.00,0.000,0.00
739,4370.,0.5490E-04,0.2069E+05,0.000,0.00,0.000,0.00,0.000,0.00
740,4378.,0.9584E-05,3626.,0.000,0.00,0.000,0.00,0.000,0.00
741,4388.,0.1567E-03,0.5953E+05,0.000,0.00,0.000,0.00,0.000,0.00
742,4401.,0.1457E-03,0.5570E+05,0.000,0.00,0.000,0.00,0.000,0.00
743,4410.,0.2538E-03,0.9746E+05,0.000,0.00,0.000,0.00,0.000,0.00
744,4419.,0.9539E-04,0.3677E+05,0.000,0.00,0.000,0.00,0.000,0.00
745,4422.,0.1702E-03,0.6571E+05,0.000,0.00,0.000,0.00,0.000,0.00
746,4433.,0.5558E-04,0.2156E+05,0.000,0.00,0.000,0.00,0.000,0.00
747,4444.,0.1268E-03,0.4944E+05,0.000,0.00,0.000,0.00,0.000,0.00
748,4448.,0.7106E-04,0.2775E+05,0.000,0.00,0.000,0.00,0.000,0.00
749,4461.,0.4727E-03,0.1857E+06,0.000,0.00,0.000,0.00,0.000,0.00
750,4465.,0.1696E-03,0.6674E+05,0.000,0.00,0.000,0.00,0.000,0.00
751,4470.,0.1332E-03,0.5252E+05,0.000,0.00,0.000,0.00,0.000,0.00
752,4480.,0.1270E-03,0.5031E+05,0.000,0.00,0.000,0.00,0.000,0.00
753,4482.,0.7083E-04,0.2809E+05,0.000,0.00,0.000,0.00,0.000,0.00
754,4493.,0.4969E-04,0.1980E+05,0.000,0.00,0.000,0.00,0.000,0.00
755,4501.,0.1394E-03,0.5575E+05,0.000,0.00,0.000,0.00,0.000,0.00
756,4505.,0.1364E-03,0.5463E+05,0.000,0.00,0.000,0.00,0.000,0.00
757,4510.,0.4117E-04,0.1653E+05,0.000,0.00,0.000,0.00,0.000,0.00
758,4525.,0.1117E-03,0.4515E+05,0.000,0.00,0.000,0.00,0.000,0.00
759,4548.,0.7847E-04,0.3203E+05,0.000,0.00,0.000,0.00,0.000,0.00
760,4552.,0.1695E-03,0.6932E+05,0.000,0.00,0.000,0.00,0.000,0.00
761,4559.,0.3736E-03,0.1533E+06,0.000,0.00,0.000,0.00,0.000,0.00
762,4565.,0.4376E-03,0.1800E+06,0.000,0.00,0.000,0.00,0.000,0.00
763,4570.,0.9667E-03,0.3985E+06,0.000,0.00,0.000,0.00,0.000,0.00
764,4573.,0.4388E-03,0.1811E+06,0.000,0.00,0.000,0.00,0.000,0.00
765,4574.,0.1211E-03,0.5003E+05,0.000,0.00,0.000,0.00,0.000,0.00
766,4584.,0.6090E-04,0.2526E+05,0.000,0.00,0.000,0.00,0.000,0.00
767,4594.,0.3050E-03,0.1271E+06,0.000,0.00,0.000,0.00,0.000,0.00
768,4612.,0.1922E-03,0.8071E+05,0.000,0.00,0.000,0.00,0.000,0.00
769,4625.,0.7153E-03,0.3020E+06,0.000,0.00,0.000,0.00,0.000,0.00
770,4634.,0.1193E-03,0.5058E+05,0.000,0.00,0.000,0.00,0.000,0.00
771,4641.,0.5953E-03,0.2531E+06,0.000,0.00,0.000,0.00,0.000,0.00
772,4647.,0.9048E-04,0.3857E+05,0.000,0.00,0.000,0.00,0.000,0.00
773,4651.,0.1340E-03,0.5720E+05,0.000,0.00,0.000,0.00,0.000,0.00
774,4653.,0.2167E-03,0.9258E+05,0.000,0.00,0.000,0.00,0.000,0.00
775,4655.,0.2720E-04,0.1163E+05,0.000,0.00,0.000,0.00,0.000,0.00
776,4673.,0.1977E-04,8518.,0.000,0.00,0.000,0.00,0.000,0.00
777,4674.,0.5978E-04,0.2578E+05,0.000,0.00,0.000,0.00,0.000,0.00
778,4676.,0.6804E-04,0.2936E+05,0.000,0.00,0.000,0.00,0.000,0.00
779,4680.,0.1118E-03,0.4834E+05,0.000,0.00,0.000,0.00,0.000,0.00
780,4682.,0.1446E-03,0.6258E+05,0.000,0.00,0.000,0.00,0.000,0.00
781,4685.,0.7742E-04,0.3355E+05,0.000,0.00,0.000,0.00,0.000,0.00
782,4693.,0.8359E-04,0.3634E+05,0.000,0.00,0.000,0.00,0.000,0.00
783,4701.,0.1004E-03,0.4380E+05,0.000,0.00,0.000,0.00,0.000,0.00
784,4707.,0.9411E-04,0.4116E+05,0.000,0.00,0.000,0.00,0.000,0.00
785,4711.,0.5460E-04,0.2392E+05,0.000,0.00,0.000,0.00,0.000,0.00
786,4715.,0.4661E-03,0.2045E+06,0.000,0.00,0.000,0.00,0.000,0.00
787,4718.,0.4077E-04,0.1791E+05,0.000,0.00,0.000,0.00,0.000,0.00
788,4724.,0.1730E-03,0.7619E+05,0.000,0.00,0.000,0.00,0.000,0.00
789,4727.,0.9653E-03,0.4258E+06,0.000,0.00,0.000,0.00,0.000,0.00
790,4729.,0.9161E-03,0.4045E+06,0.000,0.00,0.000,0.00,0.000,0.00
791,4732.,0.7001E-04,0.3095E+05,0.000,0.00,0.000,0.00,0.000,0.00
792,4736.,0.2070E-04,9163.,0.000,0.00,0.000,0.00,0.000,0.00
793,4747.,0.4748E-03,0.2112E+06,0.000,0.00,0.000,0.00,0.000,0.00
794,4761.,0.4593E-04,0.2055E+05,0.000,0.00,0.000,0.00,0.000,0.00
795,4768.,0.8972E-05,4026.,0.000,0.00,0.000,0.00,0.000,0.00
796,4784.,0.2275E-04,0.1028E+05,0.000,0.00,0.000,0.00,0.000,0.00
797,4787.,0.4153E-04,0.1878E+05,0.000,0.00,0.000,0.00,0.000,0.00
798,4794.,0.4001E-04,0.1815E+05,0.000,0.00,0.000,0.00,0.000,0.00
799,4799.,0.2090E-03,0.9501E+05,0.000,0.00,0.000,0.00,0.000,0.00
800,4806.,0.1271E-04,5796.,0.000,0.00,0.000,0.00,0.000,0.00
801,4821.,0.1425E-04,6535.,0.000,0.00,0.000,0.00,0.000,0.00
802,4833.,0.4730E-04,0.2181E+05,0.000,0.00,0.000,0.00,0.000,0.00
803,4838.,0.1475E-03,0.6817E+05,0.000,0.00,0.000,0.00,0.000,0.00
804,4850.,0.1996E-04,9267.,0.000,0.00,0.000,0.00,0.000,0.00
805,4858.,0.1069E-03,0.4978E+05,0.000,0.00,0.000,0.00,0.000,0.00
806,4864.,0.9186E-04,0.4290E+05,0.000,0.00,0.000,0.00,0.000,0.00
807,4868.,0.1581E-04,7394.,0.000,0.00,0.000,0.00,0.000,0.00
808,4879.,0.1947E-05,914.9,0.000,0.00,0.000,0.00,0.000,0.00
809,4897.,0.2819E-04,0.1334E+05,0.000,0.00,0.000,0.00,0.000,0.00
810,4905.,0.2345E-04,0.1114E+05,0.000,0.00,0.000,0.00,0.000,0.00
811,4914.,0.7313E-03,0.3486E+06,0.000,0.00,0.000,0.00,0.000,0.00
812,4916.,0.1384E-03,0.6605E+05,0.000,0.00,0.000,0.00,0.000,0.00
813,4923.,0.5722E-04,0.2738E+05,0.000,0.00,0.000,0.00,0.000,0.00
814,4931.,0.2131E-04,0.1023E+05,0.000,0.00,0.000,0.00,0.000,0.00
815,4933.,0.1438E-03,0.6906E+05,0.000,0.00,0.000,0.00,0.000,0.00
816,4936.,0.1022E-03,0.4917E+05,0.000,0.00,0.000,0.00,0.000,0.00
817,4938.,0.8954E-04,0.4310E+05,0.000,0.00,0.000,0.00,0.000,0.00
818,4946.,0.1769E-03,0.8543E+05,0.000,0.00,0.000,0.00,0.000,0.00
819,4955.,0.7351E-04,0.3563E+05,0.000,0.00,0.000,0.00,0.000,0.00
820,4962.,0.1034E-03,0.5025E+05,0.000,0.00,0.000,0.00,0.000,0.00
821,4970.,0.1107E-04,5400.,0.000,0.00,0.000,0.00,0.000,0.00
822,4976.,0.2605E-03,0.1273E+06,0.000,0.00,0.000,0.00,0.000,0.00
823,4983.,0.1071E-03,0.5250E+05,0.000,0.00,0.000,0.00,0.000,0.00
824,4987.,0.5027E-04,0.2468E+05,0.000,0.00,0.000,0.00,0.000,0.00
825,4991.,0.5847E-04,0.2876E+05,0.000,0.00,0.000,0.00,0.000,0.00
826,4994.,0.7506E-04,0.3695E+05,0.000,0.00,0.000,0.00,0.000,0.00
827,5004.,0.4748E-04,0.2347E+05,0.000,0.00,0.000,0.00,0.000,0.00
828,5006.,0.9826E-04,0.4860E+05,0.000,0.00,0.000,0.00,0.000,0.00
829,5011.,0.2522E-03,0.1250E+06,0.000,0.00,0.000,0.00,0.000,0.00
830,5022.,0.6616E-04,0.3294E+05,0.000,0.00,0.000,0.00,0.000,0.00
831,5032.,0.1879E-03,0.9392E+05,0.000,0.00,0.000,0.00,0.000,0.00
832,5048.,0.3105E-04,0.1562E+05,0.000,0.00,0.000,0.00,0.000,0.00
833,5052.,0.9894E-05,4984.,0.000,0.00,0.000,0.00,0.000,0.00
834,5054.,0.6409E-04,0.3231E+05,0.000,0.00,0.000,0.00,0.000,0.00
835,5064.,0.1892E-04,9576.,0.000,0.00,0.000,0.00,0.000,0.00
836,5068.,0.9969E-04,0.5055E+05,0.000,0.00,0.000,0.00,0.000,0.00
837,5077.,0.1812E-03,0.9217E+05,0.000,0.00,0.000,0.00,0.000,0.00
838,5083.,0.1822E-04,9294.,0.000,0.00,0.000,0.00,0.000,0.00
839,5088.,0.7896E-04,0.4035E+05,0.000,0.00,0.000,0.00,0.000,0.00
840,5105.,0.5272E-04,0.2712E+05,0.000,0.00,0.000,0.00,0.000,0.00
841,5108.,0.3416E-03,0.1759E+06,0.000,0.00,0.000,0.00,0.000,0.00
842,5115.,0.4961E-04,0.2562E+05,0.000,0.00,0.000,0.00,0.000,0.00
843,5118.,0.1287E-03,0.6654E+05,0.000,0.00,0.000,0.00,0.000,0.00
844,5122.,0.3327E-04,0.1723E+05,0.000,0.00,0.000,0.00,0.000,0.00
845,5146.,0.6188E-04,0.3234E+05,0.000,0.00,0.000,0.00,0.000,0.00
846,5151.,0.5423E-04,0.2840E+05,0.000,0.00,0.000,0.00,0.000,0.00
847,5157.,0.7335E-04,0.3850E+05,0.000,0.00,0.000,0.00,0.000,0.00
848,5165.,0.7913E-04,0.4166E+05,0.000,0.00,0.000,0.00,0.000,0.00
849,5168.,0.8444E-04,0.4452E+05,0.000,0.00,0.000,0.00,0.000,0.00
850,5175.,0.5251E-04,0.2776E+05,0.000,0.00,0.000,0.00,0.000,0.00
851,5175.,0.2872E-03,0.1519E+06,0.000,0.00,0.000,0.00,0.000,0.00
852,5179.,0.6789E-04,0.3595E+05,0.000,0.00,0.000,0.00,0.000,0.00
853,5184.,0.4591E-04,0.2435E+05,0.000,0.00,0.000,0.00,0.000,0.00
854,5187.,0.1987E-03,0.1055E+06,0.000,0.00,0.000,0.00,0.000,0.00
855,5192.,0.7974E-04,0.4244E+05,0.000,0.00,0.000,0.00,0.000,0.00
856,5195.,0.7504E-04,0.3998E+05,0.000,0.00,0.000,0.00,0.000,0.00
857,5195.,0.2199E-03,0.1172E+06,0.000,0.00,0.000,0.00,0.000,0.00
858,5201.,0.1381E-03,0.7373E+05,0.000,0.00,0.000,0.00,0.000,0.00
859,5211.,0.1427E-04,7649.,0.000,0.00,0.000,0.00,0.000,0.00
860,5221.,0.2063E-03,0.1110E+06,0.000,0.00,0.000,0.00,0.000,0.00
861,5224.,0.9935E-04,0.5352E+05,0.000,0.00,0.000,0.00,0.000,0.00
862,5227.,0.1231E-03,0.6642E+05,0.000,0.00,0.000,0.00,0.000,0.00
863,5239.,0.2326E-03,0.1260E+06,0.000,0.00,0.000,0.00,0.000,0.00
864,5246.,0.1794E-03,0.9748E+05,0.000,0.00,0.000,0.00,0.000,0.00
865,5253.,0.7022E-04,0.3825E+05,0.000,0.00,0.000,0.00,0.000,0.00
866,5259.,0.1271E-03,0.6939E+05,0.000,0.00,0.000,0.00,0.000,0.00
867,5260.,0.5031E-03,0.2747E+06,0.000,0.00,0.000,0.00,0.000,0.00
868,5276.,0.3531E-04,0.1940E+05,0.000,0.00,0.000,0.00,0.000,0.00
869,5285.,0.2301E-04,0.1269E+05,0.000,0.00,0.000,0.00,0.000,0.00
870,5290.,0.3722E-03,0.2056E+06,0.000,0.00,0.000,0.00,0.000,0.00
871,5295.,0.3236E-03,0.1790E+06,0.000,0.00,0.000,0.00,0.000,0.00
872,5300.,0.1919E-03,0.1064E+06,0.000,0.00,0.000,0.00,0.000,0.00
873,5312.,0.1113E-03,0.6200E+05,0.000,0.00,0.000,0.00,0.000,0.00
874,5315.,0.7991E-05,4456.,0.000,0.00,0.000,0.00,0.000,0.00
875,5331.,0.4481E-04,0.2514E+05,0.000,0.00,0.000,0.00,0.000,0.00
876,5339.,0.5125E-04,0.2884E+05,0.000,0.00,0.000,0.00,0.000,0.00
877,5344.,0.6598E-04,0.3720E+05,0.000,0.00,0.000,0.00,0.000,0.00
878,5349.,0.1695E-04,9576.,0.000,0.00,0.000,0.00,0.000,0.00
879,5361.,0.1549E-04,8786.,0.000,0.00,0.000,0.00,0.000,0.00
880,5369.,0.1314E-03,0.7476E+05,0.000,0.00,0.000,0.00,0.000,0.00
881,5376.,0.2240E-04,0.1278E+05,0.000,0.00,0.000,0.00,0.000,0.00
882,5386.,0.5202E-04,0.2979E+05,0.000,0.00,0.000,0.00,0.000,0.00
883,5389.,0.1329E-03,0.7619E+05,0.000,0.00,0.000,0.00,0.000,0.00
884,5397.,0.1663E-03,0.9561E+05,0.000,0.00,0.000,0.00,0.000,0.00
885,5402.,0.2000E-03,0.1152E+06,0.000,0.00,0.000,0.00,0.000,0.00
886,5405.,0.1572E-03,0.9066E+05,0.000,0.00,0.000,0.00,0.000,0.00
887,5410.,0.2192E-03,0.1267E+06,0.000,0.00,0.000,0.00,0.000,0.00
888,5412.,0.1718E-03,0.9931E+05,0.000,0.00,0.000,0.00,0.000,0.00
889,5422.,0.6709E-04,0.3894E+05,0.000,0.00,0.000,0.00,0.000,0.00
890,5438.,0.8799E-04,0.5136E+05,0.000,0.00,0.000,0.00,0.000,0.00
891,5443.,0.3607E-03,0.2109E+06,0.000,0.00,0.000,0.00,0.000,0.00
892,5445.,0.1227E-03,0.7182E+05,0.000,0.00,0.000,0.00,0.000,0.00
893,5447.,0.1735E-03,0.1016E+06,0.000,0.00,0.000,0.00,0.000,0.00
894,5475.,0.8022E-04,0.4746E+05,0.000,0.00,0.000,0.00,0.000,0.00
895,5479.,0.6562E-04,0.3889E+05,0.000,0.00,0.000,0.00,0.000,0.00
896,5495.,0.8501E-04,0.5067E+05,0.000,0.00,0.000,0.00,0.000,0.00
897,5498.,0.9591E-04,0.5724E+05,0.000,0.00,0.000,0.00,0.000,0.00
898,5505.,0.1581E-04,9460.,0.000,0.00,0.000,0.00,0.000,0.00
899,5517.,0.9091E-03,0.5462E+06,0.000,0.00,0.000,0.00,0.000,0.00
900,5523.,0.1568E-03,0.9437E+05,0.000,0.00,0.000,0.00,0.000,0.00
901,5542.,0.5964E-04,0.3615E+05,0.000,0.00,0.000,0.00,0.000,0.00
902,5551.,0.3185E-03,0.1937E+06,0.000,0.00,0.000,0.00,0.000,0.00
903,5556.,0.4852E-04,0.2956E+05,0.000,0.00,0.000,0.00,0.000,0.00
904,5566.,0.1705E-03,0.1043E+06,0.000,0.00,0.000,0.00,0.000,0.00
905,5570.,0.1792E-03,0.1097E+06,0.000,0.00,0.000,0.00,0.000,0.00
906,5572.,0.1671E-03,0.1024E+06,0.000,0.00,0.000,0.00,0.000,0.00
907,5598.,0.1374E-03,0.8503E+05,0.000,0.00,0.000,0.00,0.000,0.00
908,5603.,0.1664E-03,0.1031E+06,0.000,0.00,0.000,0.00,0.000,0.00
909,5610.,0.7458E-04,0.4633E+05,0.000,0.00,0.000,0.00,0.000,0.00
910,5613.,0.2849E-04,0.1772E+05,0.000,0.00,0.000,0.00,0.000,0.00
911,5619.,0.1052E-03,0.6554E+05,0.000,0.00,0.000,0.00,0.000,0.00
912,5621.,0.4343E-04,0.2708E+05,0.000,0.00,0.000,0.00,0.000,0.00
913,5627.,0.4117E-04,0.2573E+05,0.000,0.00,0.000,0.00,0.000,0.00
914,5630.,0.2278E-03,0.1425E+06,0.000,0.00,0.000,0.00,0.000,0.00
915,5634.,0.1326E-03,0.8308E+05,0.000,0.00,0.000,0.00,0.000,0.00
916,5641.,0.6716E-04,0.4218E+05,0.000,0.00,0.000,0.00,0.000,0.00
917,5648.,0.1028E-03,0.6470E+05,0.000,0.00,0.000,0.00,0.000,0.00
918,5658.,0.5803E-04,0.3667E+05,0.000,0.00,0.000,0.00,0.000,0.00
919,5667.,0.5367E-04,0.3402E+05,0.000,0.00,0.000,0.00,0.000,0.00
920,5676.,0.1478E-04,9398.,0.000,0.00,0.000,0.00,0.000,0.00
921,5683.,0.7010E-04,0.4468E+05,0.000,0.00,0.000,0.00,0.000,0.00
922,5688.,0.3514E-03,0.2244E+06,0.000,0.00,0.000,0.00,0.000,0.00
923,5694.,0.2765E-04,0.1770E+05,0.000,0.00,0.000,0.00,0.000,0.00
924,5706.,0.3226E-03,0.2073E+06,0.000,0.00,0.000,0.00,0.000,0.00
925,5712.,0.3206E-04,0.2065E+05,0.000,0.00,0.000,0.00,0.000,0.00
926,5717.,0.9360E-04,0.6038E+05,0.000,0.00,0.000,0.00,0.000,0.00
927,5724.,0.4856E-04,0.3141E+05,0.000,0.00,0.000,0.00,0.000,0.00
928,5737.,0.9340E-04,0.6068E+05,0.000,0.00,0.000,0.00,0.000,0.00
929,5741.,0.1979E-04,0.1287E+05,0.000,0.00,0.000,0.00,0.000,0.00
930,5751.,0.7558E-05,4935.,0.000,0.00,0.000,0.00,0.000,0.00
931,5756.,0.5967E-04,0.3903E+05,0.000,0.00,0.000,0.00,0.000,0.00
932,5766.,0.6750E-04,0.4430E+05,0.000,0.00,0.000,0.00,0.000,0.00
933,5782.,0.4662E-04,0.3076E+05,0.000,0.00,0.000,0.00,0.000,0.00
934,5784.,0.1053E-04,6955.,0.000,0.00,0.000,0.00,0.000,0.00
935,5790.,0.1359E-03,0.8993E+05,0.000,0.00,0.000,0.00,0.000,0.00
936,5798.,0.1657E-04,0.1100E+05,0.000,0.00,0.000,0.00,0.000,0.00
937,5803.,0.2520E-04,0.1675E+05,0.000,0.00,0.000,0.00,0.000,0.00
938,5805.,0.1279E-04,8510.,0.000,0.00,0.000,0.00,0.000,0.00
939,5813.,0.3377E-04,0.2253E+05,0.000,0.00,0.000,0.00,0.000,0.00
940,5816.,0.5075E-03,0.3389E+06,0.000,0.00,0.000,0.00,0.000,0.00
941,5824.,0.8917E-04,0.5970E+05,0.000,0.00,0.000,0.00,0.000,0.00
942,5831.,0.4989E-04,0.3349E+05,0.000,0.00,0.000,0.00,0.000,0.00
943,5834.,0.5758E-04,0.3868E+05,0.000,0.00,0.000,0.00,0.000,0.00
944,5849.,0.1790E-03,0.1209E+06,0.000,0.00,0.000,0.00,0.000,0.00
945,5852.,0.6865E-04,0.4641E+05,0.000,0.00,0.000,0.00,0.000,0.00
946,5859.,0.2314E-04,0.1568E+05,0.000,0.00,0.000,0.00,0.000,0.00
947,5860.,0.1635E-03,0.1108E+06,0.000,0.00,0.000,0.00,0.000,0.00
948,5863.,0.2935E-04,0.1992E+05,0.000,0.00,0.000,0.00,0.000,0.00
949,5865.,0.1205E-03,0.8181E+05,0.000,0.00,0.000,0.00,0.000,0.00
950,5872.,0.3283E-04,0.2235E+05,0.000,0.00,0.000,0.00,0.000,0.00
951,5883.,0.3040E-04,0.2077E+05,0.000,0.00,0.000,0.00,0.000,0.00
952,5903.,0.1987E-04,0.1367E+05,0.000,0.00,0.000,0.00,0.000,0.00
953,5909.,0.3194E-03,0.2202E+06,0.000,0.00,0.000,0.00,0.000,0.00
954,5912.,0.4847E-04,0.3344E+05,0.000,0.00,0.000,0.00,0.000,0.00
955,5922.,0.5219E-04,0.3612E+05,0.000,0.00,0.000,0.00,0.000,0.00
956,5927.,0.1653E-03,0.1147E+06,0.000,0.00,0.000,0.00,0.000,0.00
957,5934.,0.3890E-04,0.2704E+05,0.000,0.00,0.000,0.00,0.000,0.00
958,5936.,0.2011E-03,0.1399E+06,0.000,0.00,0.000,0.00,0.000,0.00
959,5948.,0.2740E-03,0.1913E+06,0.000,0.00,0.000,0.00,0.000,0.00
960,5957.,0.2535E-04,0.1776E+05,0.000,0.00,0.000,0.00,0.000,0.00
961,5973.,0.1031E-04,7260.,0.000,0.00,0.000,0.00,0.000,0.00
962,5977.,0.6210E-04,0.4379E+05,0.000,0.00,0.000,0.00,0.000,0.00
963,5978.,0.5433E-05,3833.,0.000,0.00,0.000,0.00,0.000,0.00
964,5981.,0.2496E-04,0.1762E+05,0.000,0.00,0.000,0.00,0.000,0.00
965,5982.,0.2131E-03,0.1505E+06,0.000,0.00,0.000,0.00,0.000,0.00
966,5995.,0.1152E-04,8175.,0.000,0.00,0.000,0.00,0.000,0.00
967,6005.,0.7249E-04,0.5159E+05,0.000,0.00,0.000,0.00,0.000,0.00
968,6013.,0.8497E-04,0.6064E+05,0.000,0.00,0.000,0.00,0.000,0.00
969,6022.,0.8615E-04,0.6168E+05,0.000,0.00,0.000,0.00,0.000,0.00
970,6030.,0.4864E-05,3490.,0.000,0.00,0.000,0.00,0.000,0.00
971,6032.,0.1091E-03,0.7837E+05,0.000,0.00,0.000,0.00,0.000,0.00
972,6043.,0.1410E-03,0.1016E+06,0.000,0.00,0.000,0.00,0.000,0.00
973,6048.,0.1446E-03,0.1044E+06,0.000,0.00,0.000,0.00,0.000,0.00
974,6068.,0.5834E-04,0.4241E+05,0.000,0.00,0.000,0.00,0.000,0.00
975,6072.,0.1473E-03,0.1072E+06,0.000,0.00,0.000,0.00,0.000,0.00
976,6078.,0.6418E-04,0.4681E+05,0.000,0.00,0.000,0.00,0.000,0.00
977,6079.,0.2151E-03,0.1569E+06,0.000,0.00,0.000,0.00,0.000,0.00
978,6086.,0.3204E-04,0.2342E+05,0.000,0.00,0.000,0.00,0.000,0.00
979,6091.,0.8886E-04,0.6508E+05,0.000,0.00,0.000,0.00,0.000,0.00
980,6095.,0.2992E-04,0.2194E+05,0.000,0.00,0.000,0.00,0.000,0.00
981,6103.,0.1081E-03,0.7947E+05,0.000,0.00,0.000,0.00,0.000,0.00
982,6109.,0.1766E-03,0.1301E+06,0.000,0.00,0.000,0.00,0.000,0.00
983,6117.,0.1310E-04,9679.,0.000,0.00,0.000,0.00,0.000,0.00
984,6121.,0.3518E-03,0.2602E+06,0.000,0.00,0.000,0.00,0.000,0.00
985,6135.,0.1103E-03,0.8197E+05,0.000,0.00,0.000,0.00,0.000,0.00
986,6136.,0.2362E-04,0.1755E+05,0.000,0.00,0.000,0.00,0.000,0.00
987,6144.,0.7426E-04,0.5534E+05,0.000,0.00,0.000,0.00,0.000,0.00
988,6150.,0.9400E-04,0.7019E+05,0.000,0.00,0.000,0.00,0.000,0.00
989,6152.,0.7684E-04,0.5741E+05,0.000,0.00,0.000,0.00,0.000,0.00
990,6161.,0.1557E-03,0.1167E+06,0.000,0.00,0.000,0.00,0.000,0.00
991,6168.,0.6189E-04,0.4648E+05,0.000,0.00,0.000,0.00,0.000,0.00
992,6186.,0.1538E-03,0.1162E+06,0.000,0.00,0.000,0.00,0.000,0.00
993,6188.,0.3864E-04,0.2921E+05,0.000,0.00,0.000,0.00,0.000,0.00
994,6204.,0.1543E-03,0.1172E+06,0.000,0.00,0.000,0.00,0.000,0.00
995,6207.,0.9727E-04,0.7397E+05,0.000,0.00,0.000,0.00,0.000,0.00
996,6211.,0.8908E-04,0.6782E+05,0.000,0.00,0.000,0.00,0.000,0.00
997,6216.,0.5668E-04,0.4323E+05,0.000,0.00,0.000,0.00,0.000,0.00
998,6228.,0.3730E-04,0.2856E+05,0.000,0.00,0.000,0.00,0.000,0.00
999,6240.,0.9978E-04,0.7670E+05,0.000,0.00,0.000,0.00,0.000,0.00
1000,6244.,0.2761E-04,0.2125E+05,0.000,0.00,0.000,0.00,0.000,0.00
