MODE,FREQUENCY,PERIOD,PARTIC.FACTOR,RATIO,EFFECTIVE MASS,MASS FRACTION,TO TOTAL MASS
1,0.00000,0.0000,197.31,1.000000,38932.1,0.767640,0.767640
2,0.00000,0.0000,4.2476,0.021527,18.0423,0.767996,0.355747E-03
3,0.00000,0.0000,9.4305,0.047795,88.9342,0.769749,0.175355E-02
4,0.188541E-04,53039.,-40.543,0.205474,1643.70,0.802159,0.324095E-01
5,0.902271E-04,11083.,-83.790,0.424656,7020.73,0.940589,0.138431
6,0.401619E-03,2489.9,-54.892,0.278198,3013.12,1.00000,0.594108E-01
7,2.97958,0.33562,0.11290E-05,0.000000,0.127462E-11,1.00000,0.251322E-16
8,4.04859,0.24700,-0.22512E-06,0.000000,0.506782E-13,1.00000,0.999241E-18
9,14.9976,0.66677E-01,-0.14169E-07,0.000000,0.200760E-15,1.00000,0.395847E-20
10,15.4687,0.64647E-01,0.67806E-07,0.000000,0.459770E-14,1.00000,0.906546E-19
11,17.0110,0.58786E-01,0.0000,0.000000,0.00000,1.00000,0.00000
12,17.6363,0.56701E-01,-0.66552E-08,0.000000,0.442917E-16,1.00000,0.873316E-21
13,18.7057,0.53460E-01,-0.15178E-07,0.000000,0.230357E-15,1.00000,0.454204E-20
14,19.4972,0.51289E-01,-0.39200E-07,0.000000,0.153663E-14,1.00000,0.302982E-19
15,20.4695,0.48853E-01,0.0000,0.000000,0.00000,1.00000,0.00000
16,21.5002,0.46511E-01,-0.62228E-07,0.000000,0.387229E-14,1.00000,0.763514E-19
17,22.0935,0.45262E-01,0.10804E-07,0.000000,0.116735E-15,1.00000,0.230171E-20
18,22.9505,0.43572E-01,-0.25897E-07,0.000000,0.670671E-15,1.00000,0.132239E-19
19,23.2851,0.42946E-01,-0.30182E-07,0.000000,0.910971E-15,1.00000,0.179620E-19
20,23.5905,0.42390E-01,0.21763E-07,0.000000,0.473607E-15,1.00000,0.933829E-20
21,29.8266,0.33527E-01,0.95522E-07,0.000000,0.912436E-14,1.00000,0.179909E-18
22,33.1580,0.30159E-01,-0.19279E-07,0.000000,0.371669E-15,1.00000,0.732835E-20
23,34.8894,0.28662E-01,-0.32705E-07,0.000000,0.106961E-14,1.00000,0.210900E-19
24,38.8985,0.25708E-01,0.0000,0.000000,0.00000,1.00000,0.00000
25,39.1607,0.25536E-01,0.0000,0.000000,0.00000,1.00000,0.00000
26,40.0076,0.24995E-01,0.0000,0.000000,0.00000,1.00000,0.00000
27,41.1871,0.24279E-01,-0.10883E-07,0.000000,0.118444E-15,1.00000,0.233541E-20
28,42.7565,0.23388E-01,0.13315E-07,0.000000,0.177302E-15,1.00000,0.349592E-20
29,44.2327,0.22608E-01,0.0000,0.000000,0.00000,1.00000,0.00000
30,45.3676,0.22042E-01,-0.18807E-07,0.000000,0.353709E-15,1.00000,0.697422E-20
31,46.5668,0.21475E-01,0.23524E-07,0.000000,0.553361E-15,1.00000,0.109108E-19
32,51.5215,0.19409E-01,0.0000,0.000000,0.00000,1.00000,0.00000
33,53.0340,0.18856E-01,0.0000,0.000000,0.00000,1.00000,0.00000
34,55.1332,0.18138E-01,0.0000,0.000000,0.00000,1.00000,0.00000
35,57.6416,0.17349E-01,0.0000,0.000000,0.00000,1.00000,0.00000
36,59.9122,0.16691E-01,0.0000,0.000000,0.00000,1.00000,0.00000
37,62.2555,0.16063E-01,0.0000,0.000000,0.00000,1.00000,0.00000
38,64.1323,0.15593E-01,0.84818E-08,0.000000,0.719414E-16,1.00000,0.141850E-20
39,65.2686,0.15321E-01,0.0000,0.000000,0.00000,1.00000,0.00000
40,65.6824,0.15225E-01,0.0000,0.000000,0.00000,1.00000,0.00000
41,68.9927,0.14494E-01,0.0000,0.000000,0.00000,1.00000,0.00000
42,73.7253,0.13564E-01,0.0000,0.000000,0.00000,1.00000,0.00000
43,75.4245,0.13258E-01,0.0000,0.000000,0.00000,1.00000,0.00000
44,78.9648,0.12664E-01,0.0000,0.000000,0.00000,1.00000,0.00000
45,88.8157,0.11259E-01,0.0000,0.000000,0.00000,1.00000,0.00000
46,97.7743,0.10228E-01,0.0000,0.000000,0.00000,1.00000,0.00000
47,108.021,0.92575E-02,0.0000,0.000000,0.00000,1.00000,0.00000
48,111.579,0.89622E-02,0.0000,0.000000,0.00000,1.00000,0.00000
49,113.534,0.88079E-02,0.0000,0.000000,0.00000,1.00000,0.00000
50,120.069,0.83286E-02,0.0000,0.000000,0.00000,1.00000,0.00000
51,127.893,0.78190E-02,0.0000,0.000000,0.00000,1.00000,0.00000
52,134.643,0.74271E-02,0.0000,0.000000,0.00000,1.00000,0.00000
53,136.547,0.73235E-02,0.0000,0.000000,0.00000,1.00000,0.00000
54,139.487,0.71691E-02,0.0000,0.000000,0.00000,1.00000,0.00000
55,142.513,0.70169E-02,0.0000,0.000000,0.00000,1.00000,0.00000
56,148.445,0.67365E-02,0.0000,0.000000,0.00000,1.00000,0.00000
57,154.860,0.64575E-02,0.0000,0.000000,0.00000,1.00000,0.00000
58,168.850,0.59224E-02,0.0000,0.000000,0.00000,1.00000,0.00000
59,171.813,0.58203E-02,0.0000,0.000000,0.00000,1.00000,0.00000
60,172.995,0.57805E-02,0.0000,0.000000,0.00000,1.00000,0.00000
61,175.481,0.56986E-02,0.0000,0.000000,0.00000,1.00000,0.00000
62,176.552,0.56640E-02,0.0000,0.000000,0.00000,1.00000,0.00000
63,179.291,0.55775E-02,0.0000,0.000000,0.00000,1.00000,0.00000
64,181.852,0.54990E-02,0.0000,0.000000,0.00000,1.00000,0.00000
65,183.187,0.54589E-02,0.0000,0.000000,0.00000,1.00000,0.00000
66,186.234,0.53696E-02,0.0000,0.000000,0.00000,1.00000,0.00000
67,190.648,0.52453E-02,0.0000,0.000000,0.00000,1.00000,0.00000
68,192.852,0.51853E-02,0.0000,0.000000,0.00000,1.00000,0.00000
69,193.247,0.51747E-02,0.0000,0.000000,0.00000,1.00000,0.00000
70,195.135,0.51247E-02,0.0000,0.000000,0.00000,1.00000,0.00000
71,201.478,0.49633E-02,0.0000,0.000000,0.00000,1.00000,0.00000
72,202.090,0.49483E-02,0.0000,0.000000,0.00000,1.00000,0.00000
73,207.308,0.48237E-02,0.0000,0.000000,0.00000,1.00000,0.00000
74,209.141,0.47815E-02,0.0000,0.000000,0.00000,1.00000,0.00000
75,210.038,0.47610E-02,0.0000,0.000000,0.00000,1.00000,0.00000
76,210.978,0.47398E-02,0.0000,0.000000,0.00000,1.00000,0.00000
77,215.439,0.46417E-02,0.0000,0.000000,0.00000,1.00000,0.00000
78,219.172,0.45626E-02,0.0000,0.000000,0.00000,1.00000,0.00000
79,220.801,0.45290E-02,0.0000,0.000000,0.00000,1.00000,0.00000
80,221.255,0.45197E-02,0.0000,0.000000,0.00000,1.00000,0.00000
81,223.582,0.44726E-02,0.0000,0.000000,0.00000,1.00000,0.00000
82,231.274,0.43239E-02,0.0000,0.000000,0.00000,1.00000,0.00000
83,238.883,0.41861E-02,0.0000,0.000000,0.00000,1.00000,0.00000
84,243.334,0.41096E-02,0.0000,0.000000,0.00000,1.00000,0.00000
85,244.328,0.40929E-02,0.0000,0.000000,0.00000,1.00000,0.00000
86,258.125,0.38741E-02,0.0000,0.000000,0.00000,1.00000,0.00000
87,264.706,0.37778E-02,0.0000,0.000000,0.00000,1.00000,0.00000
88,269.741,0.37073E-02,0.0000,0.000000,0.00000,1.00000,0.00000
89,271.625,0.36815E-02,0.0000,0.000000,0.00000,1.00000,0.00000
90,277.728,0.36006E-02,0.0000,0.000000,0.00000,1.00000,0.00000
91,282.385,0.35413E-02,0.0000,0.000000,0.00000,1.00000,0.00000
92,283.098,0.35323E-02,0.0000,0.000000,0.00000,1.00000,0.00000
93,284.587,0.35139E-02,0.0000,0.000000,0.00000,1.00000,0.00000
94,290.989,0.34366E-02,0.0000,0.000000,0.00000,1.00000,0.00000
95,296.443,0.33733E-02,0.0000,0.000000,0.00000,1.00000,0.00000
96,301.073,0.33215E-02,0.0000,0.000000,0.00000,1.00000,0.00000
97,305.198,0.32766E-02,0.0000,0.000000,0.00000,1.00000,0.00000
98,307.229,0.32549E-02,0.0000,0.000000,0.00000,1.00000,0.00000
99,310.513,0.32205E-02,0.0000,0.000000,0.00000,1.00000,0.00000
100,312.481,0.32002E-02,0.0000,0.000000,0.00000,1.00000,0.00000
101,312.961,0.31953E-02,0.0000,0.000000,0.00000,1.00000,0.00000
102,315.336,0.31712E-02,0.0000,0.000000,0.00000,1.00000,0.00000
103,319.268,0.31322E-02,0.0000,0.000000,0.00000,1.00000,0.00000
104,323.133,0.30947E-02,0.0000,0.000000,0.00000,1.00000,0.00000
105,324.042,0.30860E-02,0.0000,0.000000,0.00000,1.00000,0.00000
106,327.929,0.30494E-02,0.0000,0.000000,0.00000,1.00000,0.00000
107,335.966,0.29765E-02,0.0000,0.000000,0.00000,1.00000,0.00000
108,338.171,0.29571E-02,0.0000,0.000000,0.00000,1.00000,0.00000
109,341.080,0.29319E-02,0.0000,0.000000,0.00000,1.00000,0.00000
110,347.234,0.28799E-02,0.0000,0.000000,0.00000,1.00000,0.00000
111,348.689,0.28679E-02,0.0000,0.000000,0.00000,1.00000,0.00000
112,379.265,0.26367E-02,0.0000,0.000000,0.00000,1.00000,0.00000
113,383.910,0.26048E-02,0.0000,0.000000,0.00000,1.00000,0.00000
114,384.672,0.25996E-02,0.0000,0.000000,0.00000,1.00000,0.00000
115,389.747,0.25658E-02,0.0000,0.000000,0.00000,1.00000,0.00000
116,394.136,0.25372E-02,0.0000,0.000000,0.00000,1.00000,0.00000
117,403.037,0.24812E-02,0.0000,0.000000,0.00000,1.00000,0.00000
118,412.283,0.24255E-02,0.0000,0.000000,0.00000,1.00000,0.00000
119,414.133,0.24147E-02,0.0000,0.000000,0.00000,1.00000,0.00000
120,417.748,0.23938E-02,0.0000,0.000000,0.00000,1.00000,0.00000
121,423.325,0.23623E-02,0.0000,0.000000,0.00000,1.00000,0.00000
122,430.517,0.23228E-02,0.0000,0.000000,0.00000,1.00000,0.00000
123,433.912,0.23046E-02,0.0000,0.000000,0.00000,1.00000,0.00000
124,436.409,0.22914E-02,0.0000,0.000000,0.00000,1.00000,0.00000
125,439.690,0.22743E-02,0.0000,0.000000,0.00000,1.00000,0.00000
126,451.068,0.22170E-02,0.0000,0.000000,0.00000,1.00000,0.00000
127,452.585,0.22095E-02,0.0000,0.000000,0.00000,1.00000,0.00000
128,460.456,0.21718E-02,0.0000,0.000000,0.00000,1.00000,0.00000
129,462.108,0.21640E-02,0.0000,0.000000,0.00000,1.00000,0.00000
130,468.097,0.21363E-02,0.0000,0.000000,0.00000,1.00000,0.00000
131,470.563,0.21251E-02,0.0000,0.000000,0.00000,1.00000,0.00000
132,473.139,0.21135E-02,0.0000,0.000000,0.00000,1.00000,0.00000
133,473.986,0.21098E-02,0.0000,0.000000,0.00000,1.00000,0.00000
134,478.866,0.20883E-02,0.0000,0.000000,0.00000,1.00000,0.00000
135,479.328,0.20863E-02,0.0000,0.000000,0.00000,1.00000,0.00000
136,482.846,0.20711E-02,0.0000,0.000000,0.00000,1.00000,0.00000
137,490.074,0.20405E-02,0.0000,0.000000,0.00000,1.00000,0.00000
138,494.302,0.20231E-02,0.0000,0.000000,0.00000,1.00000,0.00000
139,494.793,0.20210E-02,0.0000,0.000000,0.00000,1.00000,0.00000
140,502.537,0.19899E-02,0.0000,0.000000,0.00000,1.00000,0.00000
141,509.702,0.19619E-02,0.0000,0.000000,0.00000,1.00000,0.00000
142,516.399,0.19365E-02,0.0000,0.000000,0.00000,1.00000,0.00000
143,517.104,0.19338E-02,0.0000,0.000000,0.00000,1.00000,0.00000
144,521.267,0.19184E-02,0.0000,0.000000,0.00000,1.00000,0.00000
145,523.233,0.19112E-02,0.0000,0.000000,0.00000,1.00000,0.00000
146,526.113,0.19007E-02,0.0000,0.000000,0.00000,1.00000,0.00000
147,529.911,0.18871E-02,0.0000,0.000000,0.00000,1.00000,0.00000
148,533.413,0.18747E-02,0.0000,0.000000,0.00000,1.00000,0.00000
149,540.522,0.18501E-02,0.0000,0.000000,0.00000,1.00000,0.00000
150,553.443,0.18069E-02,0.0000,0.000000,0.00000,1.00000,0.00000
151,559.137,0.17885E-02,0.0000,0.000000,0.00000,1.00000,0.00000
152,560.023,0.17856E-02,0.0000,0.000000,0.00000,1.00000,0.00000
153,567.596,0.17618E-02,0.0000,0.000000,0.00000,1.00000,0.00000
154,569.490,0.17560E-02,0.0000,0.000000,0.00000,1.00000,0.00000
155,571.522,0.17497E-02,0.0000,0.000000,0.00000,1.00000,0.00000
156,575.755,0.17368E-02,0.0000,0.000000,0.00000,1.00000,0.00000
157,604.463,0.16544E-02,0.0000,0.000000,0.00000,1.00000,0.00000
158,610.908,0.16369E-02,0.0000,0.000000,0.00000,1.00000,0.00000
159,616.638,0.16217E-02,0.0000,0.000000,0.00000,1.00000,0.00000
160,624.656,0.16009E-02,0.0000,0.000000,0.00000,1.00000,0.00000
161,631.588,0.15833E-02,0.0000,0.000000,0.00000,1.00000,0.00000
162,636.794,0.15704E-02,0.0000,0.000000,0.00000,1.00000,0.00000
163,637.384,0.15689E-02,0.0000,0.000000,0.00000,1.00000,0.00000
164,640.973,0.15601E-02,0.0000,0.000000,0.00000,1.00000,0.00000
165,647.179,0.15452E-02,0.0000,0.000000,0.00000,1.00000,0.00000
166,650.301,0.15378E-02,0.0000,0.000000,0.00000,1.00000,0.00000
167,655.319,0.15260E-02,0.0000,0.000000,0.00000,1.00000,0.00000
168,656.507,0.15232E-02,0.0000,0.000000,0.00000,1.00000,0.00000
169,657.173,0.15217E-02,0.0000,0.000000,0.00000,1.00000,0.00000
170,659.387,0.15166E-02,0.0000,0.000000,0.00000,1.00000,0.00000
171,665.073,0.15036E-02,0.0000,0.000000,0.00000,1.00000,0.00000
172,668.575,0.14957E-02,0.0000,0.000000,0.00000,1.00000,0.00000
173,669.678,0.14933E-02,0.0000,0.000000,0.00000,1.00000,0.00000
174,671.390,0.14894E-02,0.0000,0.000000,0.00000,1.00000,0.00000
175,677.664,0.14757E-02,0.0000,0.000000,0.00000,1.00000,0.00000
176,680.870,0.14687E-02,0.0000,0.000000,0.00000,1.00000,0.00000
177,682.067,0.14661E-02,0.0000,0.000000,0.00000,1.00000,0.00000
178,686.816,0.14560E-02,0.0000,0.000000,0.00000,1.00000,0.00000
179,690.380,0.14485E-02,0.0000,0.000000,0.00000,1.00000,0.00000
180,694.618,0.14396E-02,0.0000,0.000000,0.00000,1.00000,0.00000
181,700.861,0.14268E-02,0.0000,0.000000,0.00000,1.00000,0.00000
182,705.261,0.14179E-02,0.0000,0.000000,0.00000,1.00000,0.00000
183,709.971,0.14085E-02,0.0000,0.000000,0.00000,1.00000,0.00000
184,718.839,0.13911E-02,0.0000,0.000000,0.00000,1.00000,0.00000
185,739.169,0.13529E-02,0.0000,0.000000,0.00000,1.00000,0.00000
186,742.722,0.13464E-02,0.0000,0.000000,0.00000,1.00000,0.00000
187,745.652,0.13411E-02,0.0000,0.000000,0.00000,1.00000,0.00000
188,760.379,0.13151E-02,0.0000,0.000000,0.00000,1.00000,0.00000
189,761.543,0.13131E-02,0.0000,0.000000,0.00000,1.00000,0.00000
190,768.014,0.13021E-02,0.0000,0.000000,0.00000,1.00000,0.00000
191,776.369,0.12880E-02,0.0000,0.000000,0.00000,1.00000,0.00000
192,786.471,0.12715E-02,0.0000,0.000000,0.00000,1.00000,0.00000
193,789.543,0.12666E-02,0.0000,0.000000,0.00000,1.00000,0.00000
194,793.836,0.12597E-02,0.0000,0.000000,0.00000,1.00000,0.00000
195,807.026,0.12391E-02,0.0000,0.000000,0.00000,1.00000,0.00000
196,812.197,0.12312E-02,0.0000,0.000000,0.00000,1.00000,0.00000
197,813.054,0.12299E-02,0.0000,0.000000,0.00000,1.00000,0.00000
198,816.484,0.12248E-02,0.0000,0.000000,0.00000,1.00000,0.00000
199,825.771,0.12110E-02,0.0000,0.000000,0.00000,1.00000,0.00000
200,829.921,0.12049E-02,0.0000,0.000000,0.00000,1.00000,0.00000
201,834.316,0.11986E-02,0.0000,0.000000,0.00000,1.00000,0.00000
202,835.680,0.11966E-02,0.0000,0.000000,0.00000,1.00000,0.00000
203,842.206,0.11874E-02,0.0000,0.000000,0.00000,1.00000,0.00000
204,844.147,0.11846E-02,0.0000,0.000000,0.00000,1.00000,0.00000
205,844.847,0.11836E-02,0.0000,0.000000,0.00000,1.00000,0.00000
206,850.096,0.11763E-02,0.0000,0.000000,0.00000,1.00000,0.00000
207,851.286,0.11747E-02,0.0000,0.000000,0.00000,1.00000,0.00000
208,867.411,0.11529E-02,0.0000,0.000000,0.00000,1.00000,0.00000
209,873.241,0.11452E-02,0.0000,0.000000,0.00000,1.00000,0.00000
210,877.374,0.11398E-02,0.0000,0.000000,0.00000,1.00000,0.00000
211,878.405,0.11384E-02,0.0000,0.000000,0.00000,1.00000,0.00000
212,886.130,0.11285E-02,0.0000,0.000000,0.00000,1.00000,0.00000
213,895.406,0.11168E-02,0.0000,0.000000,0.00000,1.00000,0.00000
214,903.175,0.11072E-02,0.0000,0.000000,0.00000,1.00000,0.00000
215,904.979,0.11050E-02,0.0000,0.000000,0.00000,1.00000,0.00000
216,906.639,0.11030E-02,0.0000,0.000000,0.00000,1.00000,0.00000
217,908.707,0.11005E-02,0.0000,0.000000,0.00000,1.00000,0.00000
218,917.309,0.10901E-02,0.0000,0.000000,0.00000,1.00000,0.00000
219,922.606,0.10839E-02,0.0000,0.000000,0.00000,1.00000,0.00000
220,926.108,0.10798E-02,0.0000,0.000000,0.00000,1.00000,0.00000
221,932.907,0.10719E-02,0.0000,0.000000,0.00000,1.00000,0.00000
222,939.484,0.10644E-02,0.0000,0.000000,0.00000,1.00000,0.00000
223,948.182,0.10546E-02,0.0000,0.000000,0.00000,1.00000,0.00000
224,955.726,0.10463E-02,0.0000,0.000000,0.00000,1.00000,0.00000
225,958.522,0.10433E-02,0.0000,0.000000,0.00000,1.00000,0.00000
226,965.100,0.10362E-02,0.0000,0.000000,0.00000,1.00000,0.00000
227,967.933,0.10331E-02,0.0000,0.000000,0.00000,1.00000,0.00000
228,971.174,0.10297E-02,0.0000,0.000000,0.00000,1.00000,0.00000
229,980.800,0.10196E-02,0.0000,0.000000,0.00000,1.00000,0.00000
230,990.640,0.10094E-02,0.0000,0.000000,0.00000,1.00000,0.00000
231,999.316,0.10007E-02,0.0000,0.000000,0.00000,1.00000,0.00000
232,1005.67,0.99436E-03,0.0000,0.000000,0.00000,1.00000,0.00000
233,1010.51,0.98960E-03,0.0000,0.000000,0.00000,1.00000,0.00000
234,1014.76,0.98545E-03,0.0000,0.000000,0.00000,1.00000,0.00000
235,1021.87,0.97860E-03,0.0000,0.000000,0.00000,1.00000,0.00000
236,1027.58,0.97316E-03,0.0000,0.000000,0.00000,1.00000,0.00000
237,1037.47,0.96388E-03,0.0000,0.000000,0.00000,1.00000,0.00000
238,1042.23,0.95948E-03,0.0000,0.000000,0.00000,1.00000,0.00000
239,1046.36,0.95569E-03,0.0000,0.000000,0.00000,1.00000,0.00000
240,1057.03,0.94605E-03,0.0000,0.000000,0.00000,1.00000,0.00000
241,1061.07,0.94245E-03,0.0000,0.000000,0.00000,1.00000,0.00000
242,1067.74,0.93656E-03,0.0000,0.000000,0.00000,1.00000,0.00000
243,1080.84,0.92520E-03,0.0000,0.000000,0.00000,1.00000,0.00000
244,1083.19,0.92320E-03,0.0000,0.000000,0.00000,1.00000,0.00000
245,1088.92,0.91834E-03,0.0000,0.000000,0.00000,1.00000,0.00000
246,1094.43,0.91372E-03,0.0000,0.000000,0.00000,1.00000,0.00000
247,1095.86,0.91252E-03,0.0000,0.000000,0.00000,1.00000,0.00000
248,1107.44,0.90298E-03,0.0000,0.000000,0.00000,1.00000,0.00000
249,1108.67,0.90198E-03,0.0000,0.000000,0.00000,1.00000,0.00000
250,1112.91,0.89855E-03,0.0000,0.000000,0.00000,1.00000,0.00000
251,1127.84,0.88665E-03,0.0000,0.000000,0.00000,1.00000,0.00000
252,1130.43,0.88462E-03,0.0000,0.000000,0.00000,1.00000,0.00000
253,1133.46,0.88225E-03,0.0000,0.000000,0.00000,1.00000,0.00000
254,1136.62,0.87980E-03,0.0000,0.000000,0.00000,1.00000,0.00000
255,1143.97,0.87415E-03,0.0000,0.000000,0.00000,1.00000,0.00000
256,1168.79,0.85559E-03,0.0000,0.000000,0.00000,1.00000,0.00000
257,1172.24,0.85307E-03,0.0000,0.000000,0.00000,1.00000,0.00000
258,1175.50,0.85070E-03,0.0000,0.000000,0.00000,1.00000,0.00000
259,1187.61,0.84203E-03,0.0000,0.000000,0.00000,1.00000,0.00000
260,1190.40,0.84006E-03,0.0000,0.000000,0.00000,1.00000,0.00000
261,1195.08,0.83676E-03,0.0000,0.000000,0.00000,1.00000,0.00000
262,1202.91,0.83132E-03,0.0000,0.000000,0.00000,1.00000,0.00000
263,1205.62,0.82945E-03,0.0000,0.000000,0.00000,1.00000,0.00000
264,1210.78,0.82592E-03,0.0000,0.000000,0.00000,1.00000,0.00000
265,1211.91,0.82514E-03,0.0000,0.000000,0.00000,1.00000,0.00000
266,1219.11,0.82027E-03,0.0000,0.000000,0.00000,1.00000,0.00000
267,1222.51,0.81799E-03,0.0000,0.000000,0.00000,1.00000,0.00000
268,1226.97,0.81502E-03,0.0000,0.000000,0.00000,1.00000,0.00000
269,1230.30,0.81281E-03,0.0000,0.000000,0.00000,1.00000,0.00000
270,1239.59,0.80672E-03,0.0000,0.000000,0.00000,1.00000,0.00000
271,1243.56,0.80414E-03,0.0000,0.000000,0.00000,1.00000,0.00000
272,1254.39,0.79720E-03,0.0000,0.000000,0.00000,1.00000,0.00000
273,1264.79,0.79064E-03,0.0000,0.000000,0.00000,1.00000,0.00000
274,1273.81,0.78504E-03,0.0000,0.000000,0.00000,1.00000,0.00000
275,1291.26,0.77444E-03,0.0000,0.000000,0.00000,1.00000,0.00000
276,1297.24,0.77086E-03,0.0000,0.000000,0.00000,1.00000,0.00000
277,1298.73,0.76998E-03,0.0000,0.000000,0.00000,1.00000,0.00000
278,1312.13,0.76212E-03,0.0000,0.000000,0.00000,1.00000,0.00000
279,1315.35,0.76026E-03,0.0000,0.000000,0.00000,1.00000,0.00000
280,1316.72,0.75946E-03,0.0000,0.000000,0.00000,1.00000,0.00000
281,1328.52,0.75272E-03,0.0000,0.000000,0.00000,1.00000,0.00000
282,1334.66,0.74926E-03,0.0000,0.000000,0.00000,1.00000,0.00000
283,1342.23,0.74503E-03,0.0000,0.000000,0.00000,1.00000,0.00000
284,1342.79,0.74472E-03,0.0000,0.000000,0.00000,1.00000,0.00000
285,1346.56,0.74263E-03,0.0000,0.000000,0.00000,1.00000,0.00000
286,1349.05,0.74126E-03,0.0000,0.000000,0.00000,1.00000,0.00000
287,1354.99,0.73802E-03,0.0000,0.000000,0.00000,1.00000,0.00000
288,1357.84,0.73647E-03,0.0000,0.000000,0.00000,1.00000,0.00000
289,1360.44,0.73506E-03,0.0000,0.000000,0.00000,1.00000,0.00000
290,1362.71,0.73383E-03,0.0000,0.000000,0.00000,1.00000,0.00000
291,1365.61,0.73227E-03,0.0000,0.000000,0.00000,1.00000,0.00000
292,1381.06,0.72408E-03,0.0000,0.000000,0.00000,1.00000,0.00000
293,1385.23,0.72190E-03,0.0000,0.000000,0.00000,1.00000,0.00000
294,1385.68,0.72167E-03,0.0000,0.000000,0.00000,1.00000,0.00000
295,1395.47,0.71660E-03,0.0000,0.000000,0.00000,1.00000,0.00000
296,1401.41,0.71357E-03,0.0000,0.000000,0.00000,1.00000,0.00000
297,1405.58,0.71145E-03,0.0000,0.000000,0.00000,1.00000,0.00000
298,1414.16,0.70713E-03,0.0000,0.000000,0.00000,1.00000,0.00000
299,1418.42,0.70501E-03,0.0000,0.000000,0.00000,1.00000,0.00000
300,1425.72,0.70140E-03,0.0000,0.000000,0.00000,1.00000,0.00000
301,1426.59,0.70097E-03,0.0000,0.000000,0.00000,1.00000,0.00000
302,1430.03,0.69929E-03,0.0000,0.000000,0.00000,1.00000,0.00000
303,1449.44,0.68992E-03,0.0000,0.000000,0.00000,1.00000,0.00000
304,1463.20,0.68343E-03,0.0000,0.000000,0.00000,1.00000,0.00000
305,1467.25,0.68155E-03,0.0000,0.000000,0.00000,1.00000,0.00000
306,1481.35,0.67506E-03,0.0000,0.000000,0.00000,1.00000,0.00000
307,1487.15,0.67243E-03,0.0000,0.000000,0.00000,1.00000,0.00000
308,1492.43,0.67005E-03,0.0000,0.000000,0.00000,1.00000,0.00000
309,1499.18,0.66703E-03,0.0000,0.000000,0.00000,1.00000,0.00000
310,1501.34,0.66607E-03,0.0000,0.000000,0.00000,1.00000,0.00000
311,1514.84,0.66013E-03,0.0000,0.000000,0.00000,1.00000,0.00000
312,1530.69,0.65330E-03,0.0000,0.000000,0.00000,1.00000,0.00000
313,1533.01,0.65231E-03,0.0000,0.000000,0.00000,1.00000,0.00000
314,1538.63,0.64993E-03,0.0000,0.000000,0.00000,1.00000,0.00000
315,1543.13,0.64803E-03,0.0000,0.000000,0.00000,1.00000,0.00000
316,1552.71,0.64404E-03,0.0000,0.000000,0.00000,1.00000,0.00000
317,1561.74,0.64031E-03,0.0000,0.000000,0.00000,1.00000,0.00000
318,1572.97,0.63574E-03,0.0000,0.000000,0.00000,1.00000,0.00000
319,1576.44,0.63434E-03,0.0000,0.000000,0.00000,1.00000,0.00000
320,1578.76,0.63341E-03,0.0000,0.000000,0.00000,1.00000,0.00000
321,1584.11,0.63127E-03,0.0000,0.000000,0.00000,1.00000,0.00000
322,1596.54,0.62635E-03,0.0000,0.000000,0.00000,1.00000,0.00000
323,1599.30,0.62527E-03,0.0000,0.000000,0.00000,1.00000,0.00000
324,1603.46,0.62365E-03,0.0000,0.000000,0.00000,1.00000,0.00000
325,1606.21,0.62258E-03,0.0000,0.000000,0.00000,1.00000,0.00000
326,1615.42,0.61904E-03,0.0000,0.000000,0.00000,1.00000,0.00000
327,1624.67,0.61551E-03,0.0000,0.000000,0.00000,1.00000,0.00000
328,1632.70,0.61248E-03,0.0000,0.000000,0.00000,1.00000,0.00000
329,1637.46,0.61070E-03,0.0000,0.000000,0.00000,1.00000,0.00000
330,1641.95,0.60903E-03,0.0000,0.000000,0.00000,1.00000,0.00000
331,1644.35,0.60814E-03,0.0000,0.000000,0.00000,1.00000,0.00000
332,1645.45,0.60774E-03,0.0000,0.000000,0.00000,1.00000,0.00000
333,1654.60,0.60438E-03,0.0000,0.000000,0.00000,1.00000,0.00000
334,1658.63,0.60291E-03,0.0000,0.000000,0.00000,1.00000,0.00000
335,1663.40,0.60118E-03,0.0000,0.000000,0.00000,1.00000,0.00000
336,1670.31,0.59869E-03,0.0000,0.000000,0.00000,1.00000,0.00000
337,1678.36,0.59582E-03,0.0000,0.000000,0.00000,1.00000,0.00000
338,1680.68,0.59500E-03,0.0000,0.000000,0.00000,1.00000,0.00000
339,1686.87,0.59281E-03,0.0000,0.000000,0.00000,1.00000,0.00000
340,1694.09,0.59029E-03,0.0000,0.000000,0.00000,1.00000,0.00000
341,1700.89,0.58793E-03,0.0000,0.000000,0.00000,1.00000,0.00000
342,1707.35,0.58570E-03,0.0000,0.000000,0.00000,1.00000,0.00000
343,1711.88,0.58415E-03,0.0000,0.000000,0.00000,1.00000,0.00000
344,1714.12,0.58339E-03,0.0000,0.000000,0.00000,1.00000,0.00000
345,1724.51,0.57987E-03,0.0000,0.000000,0.00000,1.00000,0.00000
346,1727.46,0.57889E-03,0.0000,0.000000,0.00000,1.00000,0.00000
347,1741.51,0.57422E-03,0.0000,0.000000,0.00000,1.00000,0.00000
348,1748.04,0.57207E-03,0.0000,0.000000,0.00000,1.00000,0.00000
349,1755.97,0.56948E-03,0.0000,0.000000,0.00000,1.00000,0.00000
350,1756.98,0.56916E-03,0.0000,0.000000,0.00000,1.00000,0.00000
351,1757.59,0.56896E-03,0.0000,0.000000,0.00000,1.00000,0.00000
352,1765.62,0.56637E-03,0.0000,0.000000,0.00000,1.00000,0.00000
353,1768.13,0.56557E-03,0.0000,0.000000,0.00000,1.00000,0.00000
354,1775.97,0.56307E-03,0.0000,0.000000,0.00000,1.00000,0.00000
355,1778.26,0.56235E-03,0.0000,0.000000,0.00000,1.00000,0.00000
356,1780.48,0.56165E-03,0.0000,0.000000,0.00000,1.00000,0.00000
357,1784.36,0.56043E-03,0.0000,0.000000,0.00000,1.00000,0.00000
358,1787.94,0.55930E-03,0.0000,0.000000,0.00000,1.00000,0.00000
359,1793.23,0.55765E-03,0.0000,0.000000,0.00000,1.00000,0.00000
360,1795.23,0.55703E-03,0.0000,0.000000,0.00000,1.00000,0.00000
361,1801.39,0.55513E-03,0.0000,0.000000,0.00000,1.00000,0.00000
362,1803.22,0.55456E-03,0.0000,0.000000,0.00000,1.00000,0.00000
363,1809.83,0.55254E-03,0.0000,0.000000,0.00000,1.00000,0.00000
364,1817.13,0.55032E-03,0.0000,0.000000,0.00000,1.00000,0.00000
365,1818.65,0.54986E-03,0.0000,0.000000,0.00000,1.00000,0.00000
366,1820.68,0.54925E-03,0.0000,0.000000,0.00000,1.00000,0.00000
367,1827.37,0.54724E-03,0.0000,0.000000,0.00000,1.00000,0.00000
368,1833.15,0.54551E-03,0.0000,0.000000,0.00000,1.00000,0.00000
369,1839.23,0.54371E-03,0.0000,0.000000,0.00000,1.00000,0.00000
370,1841.64,0.54299E-03,0.0000,0.000000,0.00000,1.00000,0.00000
371,1848.53,0.54097E-03,0.0000,0.000000,0.00000,1.00000,0.00000
372,1861.54,0.53719E-03,0.0000,0.000000,0.00000,1.00000,0.00000
373,1863.21,0.53671E-03,0.0000,0.000000,0.00000,1.00000,0.00000
374,1869.62,0.53487E-03,0.0000,0.000000,0.00000,1.00000,0.00000
375,1880.92,0.53166E-03,0.0000,0.000000,0.00000,1.00000,0.00000
376,1883.61,0.53090E-03,0.0000,0.000000,0.00000,1.00000,0.00000
377,1888.43,0.52954E-03,0.0000,0.000000,0.00000,1.00000,0.00000
378,1898.30,0.52679E-03,0.0000,0.000000,0.00000,1.00000,0.00000
379,1901.55,0.52589E-03,0.0000,0.000000,0.00000,1.00000,0.00000
380,1912.69,0.52282E-03,0.0000,0.000000,0.00000,1.00000,0.00000
381,1917.39,0.52154E-03,0.0000,0.000000,0.00000,1.00000,0.00000
382,1926.73,0.51902E-03,0.0000,0.000000,0.00000,1.00000,0.00000
383,1942.18,0.51488E-03,0.0000,0.000000,0.00000,1.00000,0.00000
384,1946.49,0.51375E-03,0.0000,0.000000,0.00000,1.00000,0.00000
385,1955.22,0.51145E-03,0.0000,0.000000,0.00000,1.00000,0.00000
386,1965.81,0.50870E-03,0.0000,0.000000,0.00000,1.00000,0.00000
387,1970.32,0.50753E-03,0.0000,0.000000,0.00000,1.00000,0.00000
388,1974.64,0.50642E-03,0.0000,0.000000,0.00000,1.00000,0.00000
389,1984.13,0.50400E-03,0.0000,0.000000,0.00000,1.00000,0.00000
390,1986.19,0.50348E-03,0.0000,0.000000,0.00000,1.00000,0.00000
391,1996.31,0.50092E-03,0.0000,0.000000,0.00000,1.00000,0.00000
392,1998.65,0.50034E-03,0.0000,0.000000,0.00000,1.00000,0.00000
393,2002.41,0.49940E-03,0.0000,0.000000,0.00000,1.00000,0.00000
394,2003.61,0.49910E-03,0.0000,0.000000,0.00000,1.00000,0.00000
395,2012.34,0.49693E-03,0.0000,0.000000,0.00000,1.00000,0.00000
396,2013.10,0.49675E-03,0.0000,0.000000,0.00000,1.00000,0.00000
397,2016.43,0.49593E-03,0.0000,0.000000,0.00000,1.00000,0.00000
398,2017.12,0.49576E-03,0.0000,0.000000,0.00000,1.00000,0.00000
399,2022.99,0.49432E-03,0.0000,0.000000,0.00000,1.00000,0.00000
400,2030.26,0.49255E-03,0.0000,0.000000,0.00000,1.00000,0.00000
401,2043.37,0.48939E-03,0.0000,0.000000,0.00000,1.00000,0.00000
402,2045.96,0.48877E-03,0.0000,0.000000,0.00000,1.00000,0.00000
403,2048.73,0.48811E-03,0.0000,0.000000,0.00000,1.00000,0.00000
404,2054.40,0.48676E-03,0.0000,0.000000,0.00000,1.00000,0.00000
405,2057.06,0.48613E-03,0.0000,0.000000,0.00000,1.00000,0.00000
406,2063.21,0.48468E-03,0.0000,0.000000,0.00000,1.00000,0.00000
407,2082.36,0.48022E-03,0.0000,0.000000,0.00000,1.00000,0.00000
408,2090.97,0.47825E-03,0.0000,0.000000,0.00000,1.00000,0.00000
409,2096.67,0.47695E-03,0.0000,0.000000,0.00000,1.00000,0.00000
410,2106.94,0.47462E-03,0.0000,0.000000,0.00000,1.00000,0.00000
411,2111.19,0.47367E-03,0.0000,0.000000,0.00000,1.00000,0.00000
412,2121.60,0.47134E-03,0.0000,0.000000,0.00000,1.00000,0.00000
413,2131.66,0.46912E-03,0.0000,0.000000,0.00000,1.00000,0.00000
414,2141.46,0.46697E-03,0.0000,0.000000,0.00000,1.00000,0.00000
415,2150.13,0.46509E-03,0.0000,0.000000,0.00000,1.00000,0.00000
416,2153.83,0.46429E-03,0.0000,0.000000,0.00000,1.00000,0.00000
417,2160.15,0.46293E-03,0.0000,0.000000,0.00000,1.00000,0.00000
418,2170.33,0.46076E-03,0.0000,0.000000,0.00000,1.00000,0.00000
419,2186.56,0.45734E-03,0.0000,0.000000,0.00000,1.00000,0.00000
420,2192.65,0.45607E-03,0.0000,0.000000,0.00000,1.00000,0.00000
421,2194.94,0.45559E-03,0.0000,0.000000,0.00000,1.00000,0.00000
422,2200.76,0.45439E-03,0.0000,0.000000,0.00000,1.00000,0.00000
423,2216.24,0.45121E-03,0.0000,0.000000,0.00000,1.00000,0.00000
424,2219.02,0.45065E-03,0.0000,0.000000,0.00000,1.00000,0.00000
425,2220.19,0.45041E-03,0.0000,0.000000,0.00000,1.00000,0.00000
426,2226.87,0.44906E-03,0.0000,0.000000,0.00000,1.00000,0.00000
427,2231.88,0.44805E-03,0.0000,0.000000,0.00000,1.00000,0.00000
428,2232.30,0.44797E-03,0.0000,0.000000,0.00000,1.00000,0.00000
429,2232.53,0.44792E-03,0.0000,0.000000,0.00000,1.00000,0.00000
430,2240.48,0.44633E-03,0.0000,0.000000,0.00000,1.00000,0.00000
431,2241.68,0.44609E-03,0.0000,0.000000,0.00000,1.00000,0.00000
432,2254.87,0.44349E-03,0.0000,0.000000,0.00000,1.00000,0.00000
433,2268.98,0.44073E-03,0.0000,0.000000,0.00000,1.00000,0.00000
434,2275.53,0.43946E-03,0.0000,0.000000,0.00000,1.00000,0.00000
435,2297.44,0.43527E-03,0.0000,0.000000,0.00000,1.00000,0.00000
436,2306.20,0.43361E-03,0.0000,0.000000,0.00000,1.00000,0.00000
437,2316.88,0.43161E-03,0.0000,0.000000,0.00000,1.00000,0.00000
438,2319.31,0.43116E-03,0.0000,0.000000,0.00000,1.00000,0.00000
439,2321.31,0.43079E-03,0.0000,0.000000,0.00000,1.00000,0.00000
440,2323.94,0.43030E-03,0.0000,0.000000,0.00000,1.00000,0.00000
441,2327.80,0.42959E-03,0.0000,0.000000,0.00000,1.00000,0.00000
442,2335.92,0.42810E-03,0.0000,0.000000,0.00000,1.00000,0.00000
443,2341.76,0.42703E-03,0.0000,0.000000,0.00000,1.00000,0.00000
444,2345.05,0.42643E-03,0.0000,0.000000,0.00000,1.00000,0.00000
445,2357.97,0.42409E-03,0.0000,0.000000,0.00000,1.00000,0.00000
446,2362.79,0.42323E-03,0.0000,0.000000,0.00000,1.00000,0.00000
447,2366.36,0.42259E-03,0.0000,0.000000,0.00000,1.00000,0.00000
448,2369.46,0.42204E-03,0.0000,0.000000,0.00000,1.00000,0.00000
449,2375.47,0.42097E-03,0.0000,0.000000,0.00000,1.00000,0.00000
450,2380.35,0.42011E-03,0.0000,0.000000,0.00000,1.00000,0.00000
451,2384.41,0.41939E-03,0.0000,0.000000,0.00000,1.00000,0.00000
452,2388.59,0.41866E-03,0.0000,0.000000,0.00000,1.00000,0.00000
453,2394.61,0.41761E-03,0.0000,0.000000,0.00000,1.00000,0.00000
454,2404.04,0.41597E-03,0.0000,0.000000,0.00000,1.00000,0.00000
455,2406.02,0.41562E-03,0.0000,0.000000,0.00000,1.00000,0.00000
456,2416.54,0.41382E-03,0.0000,0.000000,0.00000,1.00000,0.00000
457,2417.61,0.41363E-03,0.0000,0.000000,0.00000,1.00000,0.00000
458,2424.63,0.41243E-03,0.0000,0.000000,0.00000,1.00000,0.00000
459,2426.13,0.41218E-03,0.0000,0.000000,0.00000,1.00000,0.00000
460,2430.79,0.41139E-03,0.0000,0.000000,0.00000,1.00000,0.00000
461,2435.27,0.41063E-03,0.0000,0.000000,0.00000,1.00000,0.00000
462,2443.32,0.40928E-03,0.0000,0.000000,0.00000,1.00000,0.00000
463,2446.79,0.40870E-03,0.0000,0.000000,0.00000,1.00000,0.00000
464,2451.79,0.40787E-03,0.0000,0.000000,0.00000,1.00000,0.00000
465,2455.27,0.40729E-03,0.0000,0.000000,0.00000,1.00000,0.00000
466,2458.74,0.40671E-03,0.0000,0.000000,0.00000,1.00000,0.00000
467,2460.75,0.40638E-03,0.0000,0.000000,0.00000,1.00000,0.00000
468,2463.26,0.40597E-03,0.0000,0.000000,0.00000,1.00000,0.00000
469,2470.11,0.40484E-03,0.0000,0.000000,0.00000,1.00000,0.00000
470,2471.37,0.40463E-03,0.0000,0.000000,0.00000,1.00000,0.00000
471,2482.14,0.40288E-03,0.0000,0.000000,0.00000,1.00000,0.00000
472,2486.82,0.40212E-03,0.0000,0.000000,0.00000,1.00000,0.00000
473,2491.95,0.40129E-03,0.0000,0.000000,0.00000,1.00000,0.00000
474,2493.19,0.40109E-03,0.0000,0.000000,0.00000,1.00000,0.00000
475,2495.84,0.40067E-03,0.0000,0.000000,0.00000,1.00000,0.00000
476,2503.95,0.39937E-03,0.0000,0.000000,0.00000,1.00000,0.00000
477,2511.54,0.39816E-03,0.0000,0.000000,0.00000,1.00000,0.00000
478,2522.99,0.39635E-03,0.0000,0.000000,0.00000,1.00000,0.00000
479,2524.41,0.39613E-03,0.0000,0.000000,0.00000,1.00000,0.00000
480,2535.39,0.39442E-03,0.0000,0.000000,0.00000,1.00000,0.00000
481,2543.21,0.39320E-03,0.0000,0.000000,0.00000,1.00000,0.00000
482,2557.96,0.39094E-03,0.0000,0.000000,0.00000,1.00000,0.00000
483,2569.00,0.38926E-03,0.0000,0.000000,0.00000,1.00000,0.00000
484,2570.29,0.38906E-03,0.0000,0.000000,0.00000,1.00000,0.00000
485,2588.16,0.38638E-03,0.0000,0.000000,0.00000,1.00000,0.00000
486,2591.95,0.38581E-03,0.0000,0.000000,0.00000,1.00000,0.00000
487,2598.35,0.38486E-03,0.0000,0.000000,0.00000,1.00000,0.00000
488,2607.49,0.38351E-03,0.0000,0.000000,0.00000,1.00000,0.00000
489,2618.70,0.38187E-03,0.0000,0.000000,0.00000,1.00000,0.00000
490,2623.83,0.38112E-03,0.0000,0.000000,0.00000,1.00000,0.00000
491,2631.31,0.38004E-03,0.0000,0.000000,0.00000,1.00000,0.00000
492,2636.86,0.37924E-03,0.0000,0.000000,0.00000,1.00000,0.00000
493,2640.78,0.37868E-03,0.0000,0.000000,0.00000,1.00000,0.00000
494,2644.72,0.37811E-03,0.0000,0.000000,0.00000,1.00000,0.00000
495,2648.44,0.37758E-03,0.0000,0.000000,0.00000,1.00000,0.00000
496,2656.53,0.37643E-03,0.0000,0.000000,0.00000,1.00000,0.00000
497,2658.43,0.37616E-03,0.0000,0.000000,0.00000,1.00000,0.00000
498,2661.63,0.37571E-03,0.0000,0.000000,0.00000,1.00000,0.00000
499,2669.34,0.37462E-03,0.0000,0.000000,0.00000,1.00000,0.00000
500,2673.52,0.37404E-03,0.0000,0.000000,0.00000,1.00000,0.00000
501,2684.42,0.37252E-03,0.0000,0.000000,0.00000,1.00000,0.00000
502,2689.98,0.37175E-03,0.0000,0.000000,0.00000,1.00000,0.00000
503,2690.27,0.37171E-03,0.0000,0.000000,0.00000,1.00000,0.00000
504,2700.17,0.37035E-03,0.0000,0.000000,0.00000,1.00000,0.00000
505,2708.86,0.36916E-03,0.0000,0.000000,0.00000,1.00000,0.00000
506,2713.65,0.36851E-03,0.0000,0.000000,0.00000,1.00000,0.00000
507,2714.51,0.36839E-03,0.0000,0.000000,0.00000,1.00000,0.00000
508,2717.61,0.36797E-03,0.0000,0.000000,0.00000,1.00000,0.00000
509,2727.87,0.36659E-03,0.0000,0.000000,0.00000,1.00000,0.00000
510,2737.49,0.36530E-03,0.0000,0.000000,0.00000,1.00000,0.00000
511,2742.54,0.36463E-03,0.0000,0.000000,0.00000,1.00000,0.00000
512,2748.36,0.36385E-03,0.0000,0.000000,0.00000,1.00000,0.00000
513,2751.97,0.36338E-03,0.0000,0.000000,0.00000,1.00000,0.00000
514,2757.14,0.36269E-03,0.0000,0.000000,0.00000,1.00000,0.00000
515,2764.85,0.36168E-03,0.0000,0.000000,0.00000,1.00000,0.00000
516,2769.94,0.36102E-03,0.0000,0.000000,0.00000,1.00000,0.00000
517,2785.18,0.35904E-03,0.0000,0.000000,0.00000,1.00000,0.00000
518,2792.65,0.35808E-03,0.0000,0.000000,0.00000,1.00000,0.00000
519,2800.77,0.35704E-03,0.0000,0.000000,0.00000,1.00000,0.00000
520,2803.98,0.35664E-03,0.0000,0.000000,0.00000,1.00000,0.00000
521,2804.81,0.35653E-03,0.0000,0.000000,0.00000,1.00000,0.00000
522,2811.13,0.35573E-03,0.0000,0.000000,0.00000,1.00000,0.00000
523,2813.81,0.35539E-03,0.0000,0.000000,0.00000,1.00000,0.00000
524,2825.50,0.35392E-03,0.0000,0.000000,0.00000,1.00000,0.00000
525,2830.54,0.35329E-03,0.0000,0.000000,0.00000,1.00000,0.00000
526,2839.32,0.35220E-03,0.0000,0.000000,0.00000,1.00000,0.00000
527,2842.23,0.35184E-03,0.0000,0.000000,0.00000,1.00000,0.00000
528,2846.09,0.35136E-03,0.0000,0.000000,0.00000,1.00000,0.00000
529,2856.93,0.35003E-03,0.0000,0.000000,0.00000,1.00000,0.00000
530,2858.10,0.34988E-03,0.0000,0.000000,0.00000,1.00000,0.00000
531,2866.38,0.34887E-03,0.0000,0.000000,0.00000,1.00000,0.00000
532,2867.85,0.34869E-03,0.0000,0.000000,0.00000,1.00000,0.00000
533,2876.17,0.34768E-03,0.0000,0.000000,0.00000,1.00000,0.00000
534,2881.04,0.34710E-03,0.0000,0.000000,0.00000,1.00000,0.00000
535,2884.73,0.34665E-03,0.0000,0.000000,0.00000,1.00000,0.00000
536,2887.79,0.34629E-03,0.0000,0.000000,0.00000,1.00000,0.00000
537,2897.14,0.34517E-03,0.0000,0.000000,0.00000,1.00000,0.00000
538,2902.62,0.34452E-03,0.0000,0.000000,0.00000,1.00000,0.00000
539,2904.89,0.34425E-03,0.0000,0.000000,0.00000,1.00000,0.00000
540,2915.51,0.34299E-03,0.0000,0.000000,0.00000,1.00000,0.00000
541,2918.33,0.34266E-03,0.0000,0.000000,0.00000,1.00000,0.00000
542,2925.51,0.34182E-03,0.0000,0.000000,0.00000,1.00000,0.00000
543,2930.40,0.34125E-03,0.0000,0.000000,0.00000,1.00000,0.00000
544,2942.81,0.33981E-03,0.0000,0.000000,0.00000,1.00000,0.00000
545,2948.16,0.33919E-03,0.0000,0.000000,0.00000,1.00000,0.00000
546,2949.62,0.33903E-03,0.0000,0.000000,0.00000,1.00000,0.00000
547,2958.01,0.33806E-03,0.0000,0.000000,0.00000,1.00000,0.00000
548,2974.60,0.33618E-03,0.0000,0.000000,0.00000,1.00000,0.00000
549,2981.44,0.33541E-03,0.0000,0.000000,0.00000,1.00000,0.00000
550,2988.15,0.33466E-03,0.0000,0.000000,0.00000,1.00000,0.00000
551,2990.18,0.33443E-03,0.0000,0.000000,0.00000,1.00000,0.00000
552,2999.71,0.33337E-03,0.0000,0.000000,0.00000,1.00000,0.00000
553,3006.61,0.33260E-03,0.0000,0.000000,0.00000,1.00000,0.00000
554,3012.37,0.33196E-03,0.0000,0.000000,0.00000,1.00000,0.00000
555,3015.64,0.33160E-03,0.0000,0.000000,0.00000,1.00000,0.00000
556,3017.79,0.33137E-03,0.0000,0.000000,0.00000,1.00000,0.00000
557,3029.44,0.33009E-03,0.0000,0.000000,0.00000,1.00000,0.00000
558,3034.44,0.32955E-03,0.0000,0.000000,0.00000,1.00000,0.00000
559,3044.69,0.32844E-03,0.0000,0.000000,0.00000,1.00000,0.00000
560,3059.76,0.32682E-03,0.0000,0.000000,0.00000,1.00000,0.00000
561,3063.95,0.32638E-03,0.0000,0.000000,0.00000,1.00000,0.00000
562,3067.27,0.32602E-03,0.0000,0.000000,0.00000,1.00000,0.00000
563,3075.19,0.32518E-03,0.0000,0.000000,0.00000,1.00000,0.00000
564,3078.41,0.32484E-03,0.0000,0.000000,0.00000,1.00000,0.00000
565,3088.50,0.32378E-03,0.0000,0.000000,0.00000,1.00000,0.00000
566,3110.66,0.32148E-03,0.0000,0.000000,0.00000,1.00000,0.00000
567,3112.82,0.32125E-03,0.0000,0.000000,0.00000,1.00000,0.00000
568,3114.72,0.32106E-03,0.0000,0.000000,0.00000,1.00000,0.00000
569,3128.89,0.31960E-03,0.0000,0.000000,0.00000,1.00000,0.00000
570,3134.63,0.31902E-03,0.0000,0.000000,0.00000,1.00000,0.00000
571,3149.94,0.31747E-03,0.0000,0.000000,0.00000,1.00000,0.00000
572,3159.10,0.31655E-03,0.0000,0.000000,0.00000,1.00000,0.00000
573,3168.25,0.31563E-03,0.0000,0.000000,0.00000,1.00000,0.00000
574,3170.96,0.31536E-03,0.0000,0.000000,0.00000,1.00000,0.00000
575,3178.44,0.31462E-03,0.0000,0.000000,0.00000,1.00000,0.00000
576,3193.92,0.31310E-03,0.0000,0.000000,0.00000,1.00000,0.00000
577,3207.64,0.31176E-03,0.0000,0.000000,0.00000,1.00000,0.00000
578,3217.49,0.31080E-03,0.0000,0.000000,0.00000,1.00000,0.00000
579,3226.27,0.30996E-03,0.0000,0.000000,0.00000,1.00000,0.00000
580,3235.95,0.30903E-03,0.0000,0.000000,0.00000,1.00000,0.00000
581,3244.57,0.30821E-03,0.0000,0.000000,0.00000,1.00000,0.00000
582,3249.70,0.30772E-03,0.0000,0.000000,0.00000,1.00000,0.00000
583,3259.59,0.30679E-03,0.0000,0.000000,0.00000,1.00000,0.00000
584,3269.68,0.30584E-03,0.0000,0.000000,0.00000,1.00000,0.00000
585,3278.81,0.30499E-03,0.0000,0.000000,0.00000,1.00000,0.00000
586,3281.48,0.30474E-03,0.0000,0.000000,0.00000,1.00000,0.00000
587,3282.03,0.30469E-03,0.0000,0.000000,0.00000,1.00000,0.00000
588,3289.89,0.30396E-03,0.0000,0.000000,0.00000,1.00000,0.00000
589,3291.77,0.30379E-03,0.0000,0.000000,0.00000,1.00000,0.00000
590,3296.57,0.30335E-03,0.0000,0.000000,0.00000,1.00000,0.00000
591,3304.25,0.30264E-03,0.0000,0.000000,0.00000,1.00000,0.00000
592,3310.06,0.30211E-03,0.0000,0.000000,0.00000,1.00000,0.00000
593,3316.74,0.30150E-03,0.0000,0.000000,0.00000,1.00000,0.00000
594,3321.06,0.30111E-03,0.0000,0.000000,0.00000,1.00000,0.00000
595,3324.82,0.30077E-03,0.0000,0.000000,0.00000,1.00000,0.00000
596,3334.63,0.29988E-03,0.0000,0.000000,0.00000,1.00000,0.00000
597,3335.87,0.29977E-03,0.0000,0.000000,0.00000,1.00000,0.00000
598,3343.19,0.29912E-03,0.0000,0.000000,0.00000,1.00000,0.00000
599,3347.31,0.29875E-03,0.0000,0.000000,0.00000,1.00000,0.00000
600,3348.87,0.29861E-03,0.0000,0.000000,0.00000,1.00000,0.00000
601,3350.03,0.29851E-03,0.0000,0.000000,0.00000,1.00000,0.00000
602,3358.12,0.29779E-03,0.0000,0.000000,0.00000,1.00000,0.00000
603,3360.35,0.29759E-03,0.0000,0.000000,0.00000,1.00000,0.00000
604,3365.61,0.29712E-03,0.0000,0.000000,0.00000,1.00000,0.00000
605,3377.61,0.29607E-03,0.0000,0.000000,0.00000,1.00000,0.00000
606,3386.07,0.29533E-03,0.0000,0.000000,0.00000,1.00000,0.00000
607,3390.28,0.29496E-03,0.0000,0.000000,0.00000,1.00000,0.00000
608,3414.61,0.29286E-03,0.0000,0.000000,0.00000,1.00000,0.00000
609,3417.47,0.29261E-03,0.0000,0.000000,0.00000,1.00000,0.00000
610,3433.52,0.29125E-03,0.0000,0.000000,0.00000,1.00000,0.00000
611,3434.03,0.29120E-03,0.0000,0.000000,0.00000,1.00000,0.00000
612,3438.17,0.29085E-03,0.0000,0.000000,0.00000,1.00000,0.00000
613,3455.96,0.28936E-03,0.0000,0.000000,0.00000,1.00000,0.00000
614,3466.61,0.28847E-03,0.0000,0.000000,0.00000,1.00000,0.00000
615,3476.26,0.28767E-03,0.0000,0.000000,0.00000,1.00000,0.00000
616,3478.36,0.28749E-03,0.0000,0.000000,0.00000,1.00000,0.00000
617,3483.74,0.28705E-03,0.0000,0.000000,0.00000,1.00000,0.00000
618,3490.97,0.28645E-03,0.0000,0.000000,0.00000,1.00000,0.00000
619,3492.00,0.28637E-03,0.0000,0.000000,0.00000,1.00000,0.00000
620,3494.80,0.28614E-03,0.0000,0.000000,0.00000,1.00000,0.00000
621,3506.79,0.28516E-03,0.0000,0.000000,0.00000,1.00000,0.00000
622,3509.24,0.28496E-03,0.0000,0.000000,0.00000,1.00000,0.00000
623,3513.68,0.28460E-03,0.0000,0.000000,0.00000,1.00000,0.00000
624,3523.99,0.28377E-03,0.0000,0.000000,0.00000,1.00000,0.00000
625,3534.15,0.28295E-03,0.0000,0.000000,0.00000,1.00000,0.00000
626,3542.93,0.28225E-03,0.0000,0.000000,0.00000,1.00000,0.00000
627,3548.19,0.28183E-03,0.0000,0.000000,0.00000,1.00000,0.00000
628,3550.09,0.28168E-03,0.0000,0.000000,0.00000,1.00000,0.00000
629,3557.16,0.28112E-03,0.0000,0.000000,0.00000,1.00000,0.00000
630,3562.34,0.28071E-03,0.0000,0.000000,0.00000,1.00000,0.00000
631,3572.84,0.27989E-03,0.0000,0.000000,0.00000,1.00000,0.00000
632,3575.92,0.27965E-03,0.0000,0.000000,0.00000,1.00000,0.00000
633,3577.28,0.27954E-03,0.0000,0.000000,0.00000,1.00000,0.00000
634,3588.03,0.27870E-03,0.0000,0.000000,0.00000,1.00000,0.00000
635,3594.28,0.27822E-03,0.0000,0.000000,0.00000,1.00000,0.00000
636,3599.44,0.27782E-03,0.0000,0.000000,0.00000,1.00000,0.00000
637,3603.32,0.27752E-03,0.0000,0.000000,0.00000,1.00000,0.00000
638,3618.54,0.27635E-03,0.0000,0.000000,0.00000,1.00000,0.00000
639,3626.78,0.27573E-03,0.0000,0.000000,0.00000,1.00000,0.00000
640,3629.15,0.27555E-03,0.0000,0.000000,0.00000,1.00000,0.00000
641,3637.24,0.27493E-03,0.0000,0.000000,0.00000,1.00000,0.00000
642,3642.48,0.27454E-03,0.0000,0.000000,0.00000,1.00000,0.00000
643,3653.79,0.27369E-03,0.0000,0.000000,0.00000,1.00000,0.00000
644,3660.38,0.27320E-03,0.0000,0.000000,0.00000,1.00000,0.00000
645,3665.68,0.27280E-03,0.0000,0.000000,0.00000,1.00000,0.00000
646,3676.21,0.27202E-03,0.0000,0.000000,0.00000,1.00000,0.00000
647,3681.79,0.27161E-03,0.0000,0.000000,0.00000,1.00000,0.00000
648,3698.69,0.27037E-03,0.0000,0.000000,0.00000,1.00000,0.00000
649,3702.70,0.27007E-03,0.0000,0.000000,0.00000,1.00000,0.00000
650,3714.95,0.26918E-03,0.0000,0.000000,0.00000,1.00000,0.00000
651,3722.99,0.26860E-03,0.0000,0.000000,0.00000,1.00000,0.00000
652,3724.56,0.26849E-03,0.0000,0.000000,0.00000,1.00000,0.00000
653,3736.23,0.26765E-03,0.0000,0.000000,0.00000,1.00000,0.00000
654,3737.64,0.26755E-03,0.0000,0.000000,0.00000,1.00000,0.00000
655,3741.21,0.26729E-03,0.0000,0.000000,0.00000,1.00000,0.00000
656,3755.70,0.26626E-03,0.0000,0.000000,0.00000,1.00000,0.00000
657,3770.46,0.26522E-03,0.0000,0.000000,0.00000,1.00000,0.00000
658,3773.06,0.26504E-03,0.0000,0.000000,0.00000,1.00000,0.00000
659,3780.34,0.26453E-03,0.0000,0.000000,0.00000,1.00000,0.00000
660,3788.99,0.26392E-03,0.0000,0.000000,0.00000,1.00000,0.00000
661,3795.91,0.26344E-03,0.0000,0.000000,0.00000,1.00000,0.00000
662,3803.79,0.26290E-03,0.0000,0.000000,0.00000,1.00000,0.00000
663,3807.71,0.26262E-03,0.0000,0.000000,0.00000,1.00000,0.00000
664,3814.26,0.26217E-03,0.0000,0.000000,0.00000,1.00000,0.00000
665,3823.71,0.26153E-03,0.0000,0.000000,0.00000,1.00000,0.00000
666,3830.41,0.26107E-03,0.0000,0.000000,0.00000,1.00000,0.00000
667,3836.51,0.26065E-03,0.0000,0.000000,0.00000,1.00000,0.00000
668,3839.98,0.26042E-03,0.0000,0.000000,0.00000,1.00000,0.00000
669,3854.27,0.25945E-03,0.0000,0.000000,0.00000,1.00000,0.00000
670,3865.48,0.25870E-03,0.0000,0.000000,0.00000,1.00000,0.00000
671,3884.43,0.25744E-03,0.0000,0.000000,0.00000,1.00000,0.00000
672,3896.32,0.25665E-03,0.0000,0.000000,0.00000,1.00000,0.00000
673,3908.21,0.25587E-03,0.0000,0.000000,0.00000,1.00000,0.00000
674,3913.72,0.25551E-03,0.0000,0.000000,0.00000,1.00000,0.00000
675,3917.94,0.25524E-03,0.0000,0.000000,0.00000,1.00000,0.00000
676,3929.07,0.25451E-03,0.0000,0.000000,0.00000,1.00000,0.00000
677,3937.62,0.25396E-03,0.0000,0.000000,0.00000,1.00000,0.00000
678,3938.82,0.25388E-03,0.0000,0.000000,0.00000,1.00000,0.00000
679,3954.22,0.25289E-03,0.0000,0.000000,0.00000,1.00000,0.00000
680,3954.60,0.25287E-03,0.0000,0.000000,0.00000,1.00000,0.00000
681,3960.04,0.25252E-03,0.0000,0.000000,0.00000,1.00000,0.00000
682,3967.91,0.25202E-03,0.0000,0.000000,0.00000,1.00000,0.00000
683,3973.58,0.25166E-03,0.0000,0.000000,0.00000,1.00000,0.00000
684,3980.56,0.25122E-03,0.0000,0.000000,0.00000,1.00000,0.00000
685,3982.61,0.25109E-03,0.0000,0.000000,0.00000,1.00000,0.00000
686,3989.77,0.25064E-03,0.0000,0.000000,0.00000,1.00000,0.00000
687,4003.79,0.24976E-03,0.0000,0.000000,0.00000,1.00000,0.00000
688,4011.40,0.24929E-03,0.0000,0.000000,0.00000,1.00000,0.00000
689,4015.51,0.24903E-03,0.0000,0.000000,0.00000,1.00000,0.00000
690,4020.23,0.24874E-03,0.0000,0.000000,0.00000,1.00000,0.00000
691,4029.15,0.24819E-03,0.0000,0.000000,0.00000,1.00000,0.00000
692,4031.77,0.24803E-03,0.0000,0.000000,0.00000,1.00000,0.00000
693,4045.45,0.24719E-03,0.0000,0.000000,0.00000,1.00000,0.00000
694,4049.61,0.24694E-03,0.0000,0.000000,0.00000,1.00000,0.00000
695,4060.27,0.24629E-03,0.0000,0.000000,0.00000,1.00000,0.00000
696,4071.98,0.24558E-03,0.0000,0.000000,0.00000,1.00000,0.00000
697,4080.73,0.24505E-03,0.0000,0.000000,0.00000,1.00000,0.00000
698,4090.04,0.24450E-03,0.0000,0.000000,0.00000,1.00000,0.00000
699,4104.40,0.24364E-03,0.0000,0.000000,0.00000,1.00000,0.00000
700,4112.45,0.24316E-03,0.0000,0.000000,0.00000,1.00000,0.00000
701,4120.03,0.24272E-03,0.0000,0.000000,0.00000,1.00000,0.00000
702,4126.48,0.24234E-03,0.0000,0.000000,0.00000,1.00000,0.00000
703,4138.58,0.24163E-03,0.0000,0.000000,0.00000,1.00000,0.00000
704,4141.46,0.24146E-03,0.0000,0.000000,0.00000,1.00000,0.00000
705,4143.62,0.24134E-03,0.0000,0.000000,0.00000,1.00000,0.00000
706,4149.33,0.24100E-03,0.0000,0.000000,0.00000,1.00000,0.00000
707,4153.55,0.24076E-03,0.0000,0.000000,0.00000,1.00000,0.00000
708,4158.57,0.24047E-03,0.0000,0.000000,0.00000,1.00000,0.00000
709,4173.02,0.23963E-03,0.0000,0.000000,0.00000,1.00000,0.00000
710,4177.21,0.23939E-03,0.0000,0.000000,0.00000,1.00000,0.00000
711,4180.67,0.23920E-03,0.0000,0.000000,0.00000,1.00000,0.00000
712,4195.35,0.23836E-03,0.0000,0.000000,0.00000,1.00000,0.00000
713,4196.21,0.23831E-03,0.0000,0.000000,0.00000,1.00000,0.00000
714,4197.41,0.23824E-03,0.0000,0.000000,0.00000,1.00000,0.00000
715,4198.51,0.23818E-03,0.0000,0.000000,0.00000,1.00000,0.00000
716,4200.73,0.23805E-03,0.0000,0.000000,0.00000,1.00000,0.00000
717,4204.56,0.23784E-03,0.0000,0.000000,0.00000,1.00000,0.00000
718,4213.71,0.23732E-03,0.0000,0.000000,0.00000,1.00000,0.00000
719,4218.70,0.23704E-03,0.0000,0.000000,0.00000,1.00000,0.00000
720,4232.34,0.23628E-03,0.0000,0.000000,0.00000,1.00000,0.00000
721,4242.83,0.23569E-03,0.0000,0.000000,0.00000,1.00000,0.00000
722,4246.05,0.23551E-03,0.0000,0.000000,0.00000,1.00000,0.00000
723,4248.35,0.23539E-03,0.0000,0.000000,0.00000,1.00000,0.00000
724,4251.81,0.23519E-03,0.0000,0.000000,0.00000,1.00000,0.00000
725,4256.87,0.23491E-03,0.0000,0.000000,0.00000,1.00000,0.00000
726,4261.53,0.23466E-03,0.0000,0.000000,0.00000,1.00000,0.00000
727,4272.09,0.23408E-03,0.0000,0.000000,0.00000,1.00000,0.00000
728,4274.63,0.23394E-03,0.0000,0.000000,0.00000,1.00000,0.00000
729,4285.01,0.23337E-03,0.0000,0.000000,0.00000,1.00000,0.00000
730,4286.17,0.23331E-03,0.0000,0.000000,0.00000,1.00000,0.00000
731,4301.29,0.23249E-03,0.0000,0.000000,0.00000,1.00000,0.00000
732,4307.11,0.23217E-03,0.0000,0.000000,0.00000,1.00000,0.00000
733,4313.13,0.23185E-03,0.0000,0.000000,0.00000,1.00000,0.00000
734,4316.50,0.23167E-03,0.0000,0.000000,0.00000,1.00000,0.00000
735,4333.60,0.23075E-03,0.0000,0.000000,0.00000,1.00000,0.00000
736,4348.00,0.22999E-03,0.0000,0.000000,0.00000,1.00000,0.00000
737,4349.68,0.22990E-03,0.0000,0.000000,0.00000,1.00000,0.00000
738,4358.74,0.22942E-03,0.0000,0.000000,0.00000,1.00000,0.00000
739,4369.64,0.22885E-03,0.0000,0.000000,0.00000,1.00000,0.00000
740,4378.18,0.22841E-03,0.0000,0.000000,0.00000,1.00000,0.00000
741,4387.65,0.22791E-03,0.0000,0.000000,0.00000,1.00000,0.00000
742,4400.89,0.22723E-03,0.0000,0.000000,0.00000,1.00000,0.00000
743,4410.41,0.22674E-03,0.0000,0.000000,0.00000,1.00000,0.00000
744,4418.71,0.22631E-03,-0.69202E-08,0.000000,0.478897E-16,1.00000,0.944260E-21
745,4422.02,0.22614E-03,0.0000,0.000000,0.00000,1.00000,0.00000
746,4433.32,0.22556E-03,0.0000,0.000000,0.00000,1.00000,0.00000
747,4444.02,0.22502E-03,0.0000,0.000000,0.00000,1.00000,0.00000
748,4447.68,0.22484E-03,0.0000,0.000000,0.00000,1.00000,0.00000
749,4461.29,0.22415E-03,0.0000,0.000000,0.00000,1.00000,0.00000
750,4464.63,0.22398E-03,0.0000,0.000000,0.00000,1.00000,0.00000
751,4470.35,0.22370E-03,0.0000,0.000000,0.00000,1.00000,0.00000
752,4480.07,0.22321E-03,0.0000,0.000000,0.00000,1.00000,0.00000
753,4482.46,0.22309E-03,0.0000,0.000000,0.00000,1.00000,0.00000
754,4493.22,0.22256E-03,0.0000,0.000000,0.00000,1.00000,0.00000
755,4500.57,0.22219E-03,0.0000,0.000000,0.00000,1.00000,0.00000
756,4504.88,0.22198E-03,0.0000,0.000000,0.00000,1.00000,0.00000
757,4510.11,0.22172E-03,0.0000,0.000000,0.00000,1.00000,0.00000
758,4524.62,0.22101E-03,0.0000,0.000000,0.00000,1.00000,0.00000
759,4547.57,0.21990E-03,0.0000,0.000000,0.00000,1.00000,0.00000
760,4551.74,0.21970E-03,0.0000,0.000000,0.00000,1.00000,0.00000
761,4558.75,0.21936E-03,0.0000,0.000000,0.00000,1.00000,0.00000
762,4564.85,0.21907E-03,0.0000,0.000000,0.00000,1.00000,0.00000
763,4569.70,0.21883E-03,0.0000,0.000000,0.00000,1.00000,0.00000
764,4572.86,0.21868E-03,0.0000,0.000000,0.00000,1.00000,0.00000
765,4574.18,0.21862E-03,0.0000,0.000000,0.00000,1.00000,0.00000
766,4584.09,0.21815E-03,0.0000,0.000000,0.00000,1.00000,0.00000
767,4594.21,0.21767E-03,0.0000,0.000000,0.00000,1.00000,0.00000
768,4612.03,0.21682E-03,0.0000,0.000000,0.00000,1.00000,0.00000
769,4624.76,0.21623E-03,0.0000,0.000000,0.00000,1.00000,0.00000
770,4634.23,0.21579E-03,0.0000,0.000000,0.00000,1.00000,0.00000
771,4641.39,0.21545E-03,0.0000,0.000000,0.00000,1.00000,0.00000
772,4647.02,0.21519E-03,0.0000,0.000000,0.00000,1.00000,0.00000
773,4651.29,0.21499E-03,0.0000,0.000000,0.00000,1.00000,0.00000
774,4652.56,0.21494E-03,0.0000,0.000000,0.00000,1.00000,0.00000
775,4655.12,0.21482E-03,0.0000,0.000000,0.00000,1.00000,0.00000
776,4672.52,0.21402E-03,0.0000,0.000000,0.00000,1.00000,0.00000
777,4674.40,0.21393E-03,0.0000,0.000000,0.00000,1.00000,0.00000
778,4675.79,0.21387E-03,0.0000,0.000000,0.00000,1.00000,0.00000
779,4679.93,0.21368E-03,0.0000,0.000000,0.00000,1.00000,0.00000
780,4682.37,0.21357E-03,0.0000,0.000000,0.00000,1.00000,0.00000
781,4685.37,0.21343E-03,0.0000,0.000000,0.00000,1.00000,0.00000
782,4692.77,0.21309E-03,0.0000,0.000000,0.00000,1.00000,0.00000
783,4700.94,0.21272E-03,0.0000,0.000000,0.00000,1.00000,0.00000
784,4707.22,0.21244E-03,0.0000,0.000000,0.00000,1.00000,0.00000
785,4711.05,0.21227E-03,0.0000,0.000000,0.00000,1.00000,0.00000
786,4714.77,0.21210E-03,0.0000,0.000000,0.00000,1.00000,0.00000
787,4717.78,0.21196E-03,0.0000,0.000000,0.00000,1.00000,0.00000
788,4724.13,0.21168E-03,0.0000,0.000000,0.00000,1.00000,0.00000
789,4727.07,0.21155E-03,0.0000,0.000000,0.00000,1.00000,0.00000
790,4729.43,0.21144E-03,0.0000,0.000000,0.00000,1.00000,0.00000
791,4732.19,0.21132E-03,0.0000,0.000000,0.00000,1.00000,0.00000
792,4736.05,0.21115E-03,0.0000,0.000000,0.00000,1.00000,0.00000
793,4747.11,0.21065E-03,0.0000,0.000000,0.00000,1.00000,0.00000
794,4761.27,0.21003E-03,0.0000,0.000000,0.00000,1.00000,0.00000
795,4767.68,0.20975E-03,0.0000,0.000000,0.00000,1.00000,0.00000
796,4783.66,0.20904E-03,0.0000,0.000000,0.00000,1.00000,0.00000
797,4786.70,0.20891E-03,0.0000,0.000000,0.00000,1.00000,0.00000
798,4793.55,0.20861E-03,0.0000,0.000000,0.00000,1.00000,0.00000
799,4799.33,0.20836E-03,0.0000,0.000000,0.00000,1.00000,0.00000
800,4806.42,0.20806E-03,0.0000,0.000000,0.00000,1.00000,0.00000
801,4820.52,0.20745E-03,0.0000,0.000000,0.00000,1.00000,0.00000
802,4833.41,0.20689E-03,0.0000,0.000000,0.00000,1.00000,0.00000
803,4837.94,0.20670E-03,0.0000,0.000000,0.00000,1.00000,0.00000
804,4849.95,0.20619E-03,0.0000,0.000000,0.00000,1.00000,0.00000
805,4857.96,0.20585E-03,0.0000,0.000000,0.00000,1.00000,0.00000
806,4864.02,0.20559E-03,0.0000,0.000000,0.00000,1.00000,0.00000
807,4868.15,0.20542E-03,0.0000,0.000000,0.00000,1.00000,0.00000
808,4879.39,0.20494E-03,0.0000,0.000000,0.00000,1.00000,0.00000
809,4897.04,0.20420E-03,0.0000,0.000000,0.00000,1.00000,0.00000
810,4905.20,0.20387E-03,0.0000,0.000000,0.00000,1.00000,0.00000
811,4914.24,0.20349E-03,0.0000,0.000000,0.00000,1.00000,0.00000
812,4916.05,0.20342E-03,0.0000,0.000000,0.00000,1.00000,0.00000
813,4923.49,0.20311E-03,0.0000,0.000000,0.00000,1.00000,0.00000
814,4931.15,0.20279E-03,0.0000,0.000000,0.00000,1.00000,0.00000
815,4932.52,0.20274E-03,0.0000,0.000000,0.00000,1.00000,0.00000
816,4935.85,0.20260E-03,0.0000,0.000000,0.00000,1.00000,0.00000
817,4938.16,0.20250E-03,0.0000,0.000000,0.00000,1.00000,0.00000
818,4946.30,0.20217E-03,0.0000,0.000000,0.00000,1.00000,0.00000
819,4955.33,0.20180E-03,0.0000,0.000000,0.00000,1.00000,0.00000
820,4962.38,0.20152E-03,0.0000,0.000000,0.00000,1.00000,0.00000
821,4970.17,0.20120E-03,0.0000,0.000000,0.00000,1.00000,0.00000
822,4976.32,0.20095E-03,0.0000,0.000000,0.00000,1.00000,0.00000
823,4983.04,0.20068E-03,0.0000,0.000000,0.00000,1.00000,0.00000
824,4987.37,0.20051E-03,0.0000,0.000000,0.00000,1.00000,0.00000
825,4991.46,0.20034E-03,0.0000,0.000000,0.00000,1.00000,0.00000
826,4993.69,0.20025E-03,0.0000,0.000000,0.00000,1.00000,0.00000
827,5004.42,0.19982E-03,0.0000,0.000000,0.00000,1.00000,0.00000
828,5005.56,0.19978E-03,0.0000,0.000000,0.00000,1.00000,0.00000
829,5011.15,0.19955E-03,0.0000,0.000000,0.00000,1.00000,0.00000
830,5021.87,0.19913E-03,0.0000,0.000000,0.00000,1.00000,0.00000
831,5031.89,0.19873E-03,0.0000,0.000000,0.00000,1.00000,0.00000
832,5047.93,0.19810E-03,0.0000,0.000000,0.00000,1.00000,0.00000
833,5051.83,0.19795E-03,0.0000,0.000000,0.00000,1.00000,0.00000
834,5053.86,0.19787E-03,0.0000,0.000000,0.00000,1.00000,0.00000
835,5063.61,0.19749E-03,0.0000,0.000000,0.00000,1.00000,0.00000
836,5068.36,0.19730E-03,0.0000,0.000000,0.00000,1.00000,0.00000
837,5076.60,0.19698E-03,0.0000,0.000000,0.00000,1.00000,0.00000
838,5082.90,0.19674E-03,0.0000,0.000000,0.00000,1.00000,0.00000
839,5087.77,0.19655E-03,0.0000,0.000000,0.00000,1.00000,0.00000
840,5104.60,0.19590E-03,0.0000,0.000000,0.00000,1.00000,0.00000
841,5107.87,0.19578E-03,0.0000,0.000000,0.00000,1.00000,0.00000
842,5114.72,0.19551E-03,0.0000,0.000000,0.00000,1.00000,0.00000
843,5118.26,0.19538E-03,0.0000,0.000000,0.00000,1.00000,0.00000
844,5122.11,0.19523E-03,0.0000,0.000000,0.00000,1.00000,0.00000
845,5145.50,0.19434E-03,0.0000,0.000000,0.00000,1.00000,0.00000
846,5151.00,0.19414E-03,0.0000,0.000000,0.00000,1.00000,0.00000
847,5156.54,0.19393E-03,0.0000,0.000000,0.00000,1.00000,0.00000
848,5164.71,0.19362E-03,0.0000,0.000000,0.00000,1.00000,0.00000
849,5168.19,0.19349E-03,0.0000,0.000000,0.00000,1.00000,0.00000
850,5174.98,0.19324E-03,0.0000,0.000000,0.00000,1.00000,0.00000
851,5175.41,0.19322E-03,0.0000,0.000000,0.00000,1.00000,0.00000
852,5179.12,0.19308E-03,0.0000,0.000000,0.00000,1.00000,0.00000
853,5183.85,0.19291E-03,0.0000,0.000000,0.00000,1.00000,0.00000
854,5186.85,0.19280E-03,0.0000,0.000000,0.00000,1.00000,0.00000
855,5192.48,0.19259E-03,0.0000,0.000000,0.00000,1.00000,0.00000
856,5195.01,0.19249E-03,0.0000,0.000000,0.00000,1.00000,0.00000
857,5195.47,0.19248E-03,0.0000,0.000000,0.00000,1.00000,0.00000
858,5201.06,0.19227E-03,0.0000,0.000000,0.00000,1.00000,0.00000
859,5210.84,0.19191E-03,0.0000,0.000000,0.00000,1.00000,0.00000
860,5220.68,0.19155E-03,0.0000,0.000000,0.00000,1.00000,0.00000
861,5223.82,0.19143E-03,0.0000,0.000000,0.00000,1.00000,0.00000
862,5227.43,0.19130E-03,0.0000,0.000000,0.00000,1.00000,0.00000
863,5238.69,0.19089E-03,0.0000,0.000000,0.00000,1.00000,0.00000
864,5246.05,0.19062E-03,0.0000,0.000000,0.00000,1.00000,0.00000
865,5253.35,0.19035E-03,0.0000,0.000000,0.00000,1.00000,0.00000
866,5259.05,0.19015E-03,0.0000,0.000000,0.00000,1.00000,0.00000
867,5259.88,0.19012E-03,0.0000,0.000000,0.00000,1.00000,0.00000
868,5275.53,0.18955E-03,0.0000,0.000000,0.00000,1.00000,0.00000
869,5284.56,0.18923E-03,0.0000,0.000000,0.00000,1.00000,0.00000
870,5289.60,0.18905E-03,0.0000,0.000000,0.00000,1.00000,0.00000
871,5294.51,0.18887E-03,0.0000,0.000000,0.00000,1.00000,0.00000
872,5299.71,0.18869E-03,0.0000,0.000000,0.00000,1.00000,0.00000
873,5312.27,0.18824E-03,0.0000,0.000000,0.00000,1.00000,0.00000
874,5315.15,0.18814E-03,0.0000,0.000000,0.00000,1.00000,0.00000
875,5331.31,0.18757E-03,0.0000,0.000000,0.00000,1.00000,0.00000
876,5339.33,0.18729E-03,0.0000,0.000000,0.00000,1.00000,0.00000
877,5344.31,0.18711E-03,0.0000,0.000000,0.00000,1.00000,0.00000
878,5349.41,0.18694E-03,0.0000,0.000000,0.00000,1.00000,0.00000
879,5361.20,0.18653E-03,0.0000,0.000000,0.00000,1.00000,0.00000
880,5368.62,0.18627E-03,0.0000,0.000000,0.00000,1.00000,0.00000
881,5376.29,0.18600E-03,0.0000,0.000000,0.00000,1.00000,0.00000
882,5386.00,0.18567E-03,0.0000,0.000000,0.00000,1.00000,0.00000
883,5388.75,0.18557E-03,0.0000,0.000000,0.00000,1.00000,0.00000
884,5396.79,0.18530E-03,0.0000,0.000000,0.00000,1.00000,0.00000
885,5401.69,0.18513E-03,0.0000,0.000000,0.00000,1.00000,0.00000
886,5404.55,0.18503E-03,0.0000,0.000000,0.00000,1.00000,0.00000
887,5410.41,0.18483E-03,0.0000,0.000000,0.00000,1.00000,0.00000
888,5411.85,0.18478E-03,0.0000,0.000000,0.00000,1.00000,0.00000
889,5422.45,0.18442E-03,0.0000,0.000000,0.00000,1.00000,0.00000
890,5437.98,0.18389E-03,0.0000,0.000000,0.00000,1.00000,0.00000
891,5442.69,0.18373E-03,0.0000,0.000000,0.00000,1.00000,0.00000
892,5445.03,0.18365E-03,0.0000,0.000000,0.00000,1.00000,0.00000
893,5447.39,0.18357E-03,0.0000,0.000000,0.00000,1.00000,0.00000
894,5475.12,0.18264E-03,0.0000,0.000000,0.00000,1.00000,0.00000
895,5479.29,0.18251E-03,0.0000,0.000000,0.00000,1.00000,0.00000
896,5495.15,0.18198E-03,0.0000,0.000000,0.00000,1.00000,0.00000
897,5498.49,0.18187E-03,0.0000,0.000000,0.00000,1.00000,0.00000
898,5505.35,0.18164E-03,0.0000,0.000000,0.00000,1.00000,0.00000
899,5517.15,0.18125E-03,0.0000,0.000000,0.00000,1.00000,0.00000
900,5522.59,0.18107E-03,0.0000,0.000000,0.00000,1.00000,0.00000
901,5541.96,0.18044E-03,0.0000,0.000000,0.00000,1.00000,0.00000
902,5550.59,0.18016E-03,0.0000,0.000000,0.00000,1.00000,0.00000
903,5555.71,0.18000E-03,0.0000,0.000000,0.00000,1.00000,0.00000
904,5565.61,0.17967E-03,0.0000,0.000000,0.00000,1.00000,0.00000
905,5570.39,0.17952E-03,0.0000,0.000000,0.00000,1.00000,0.00000
906,5572.41,0.17946E-03,0.0000,0.000000,0.00000,1.00000,0.00000
907,5598.32,0.17863E-03,0.0000,0.000000,0.00000,1.00000,0.00000
908,5602.59,0.17849E-03,0.0000,0.000000,0.00000,1.00000,0.00000
909,5610.15,0.17825E-03,0.0000,0.000000,0.00000,1.00000,0.00000
910,5612.87,0.17816E-03,0.0000,0.000000,0.00000,1.00000,0.00000
911,5618.95,0.17797E-03,0.0000,0.000000,0.00000,1.00000,0.00000
912,5620.54,0.17792E-03,0.0000,0.000000,0.00000,1.00000,0.00000
913,5626.62,0.17773E-03,0.0000,0.000000,0.00000,1.00000,0.00000
914,5629.99,0.17762E-03,0.0000,0.000000,0.00000,1.00000,0.00000
915,5633.83,0.17750E-03,0.0000,0.000000,0.00000,1.00000,0.00000
916,5640.93,0.17728E-03,0.0000,0.000000,0.00000,1.00000,0.00000
917,5647.74,0.17706E-03,0.0000,0.000000,0.00000,1.00000,0.00000
918,5657.64,0.17675E-03,0.0000,0.000000,0.00000,1.00000,0.00000
919,5666.98,0.17646E-03,0.0000,0.000000,0.00000,1.00000,0.00000
920,5675.53,0.17620E-03,0.0000,0.000000,0.00000,1.00000,0.00000
921,5682.54,0.17598E-03,0.0000,0.000000,0.00000,1.00000,0.00000
922,5688.00,0.17581E-03,0.0000,0.000000,0.00000,1.00000,0.00000
923,5693.59,0.17564E-03,0.0000,0.000000,0.00000,1.00000,0.00000
924,5705.61,0.17527E-03,0.0000,0.000000,0.00000,1.00000,0.00000
925,5711.68,0.17508E-03,0.0000,0.000000,0.00000,1.00000,0.00000
926,5716.83,0.17492E-03,0.0000,0.000000,0.00000,1.00000,0.00000
927,5724.37,0.17469E-03,0.0000,0.000000,0.00000,1.00000,0.00000
928,5737.06,0.17431E-03,0.0000,0.000000,0.00000,1.00000,0.00000
929,5740.52,0.17420E-03,0.0000,0.000000,0.00000,1.00000,0.00000
930,5751.35,0.17387E-03,0.0000,0.000000,0.00000,1.00000,0.00000
931,5756.04,0.17373E-03,0.0000,0.000000,0.00000,1.00000,0.00000
932,5766.25,0.17342E-03,0.0000,0.000000,0.00000,1.00000,0.00000
933,5781.78,0.17296E-03,0.0000,0.000000,0.00000,1.00000,0.00000
934,5784.48,0.17288E-03,0.0000,0.000000,0.00000,1.00000,0.00000
935,5790.11,0.17271E-03,0.0000,0.000000,0.00000,1.00000,0.00000
936,5797.98,0.17247E-03,0.0000,0.000000,0.00000,1.00000,0.00000
937,5802.69,0.17233E-03,0.0000,0.000000,0.00000,1.00000,0.00000
938,5805.47,0.17225E-03,0.0000,0.000000,0.00000,1.00000,0.00000
939,5813.40,0.17202E-03,0.0000,0.000000,0.00000,1.00000,0.00000
940,5816.20,0.17193E-03,0.0000,0.000000,0.00000,1.00000,0.00000
941,5823.66,0.17171E-03,0.0000,0.000000,0.00000,1.00000,0.00000
942,5831.18,0.17149E-03,0.0000,0.000000,0.00000,1.00000,0.00000
943,5833.63,0.17142E-03,0.0000,0.000000,0.00000,1.00000,0.00000
944,5849.41,0.17096E-03,0.0000,0.000000,0.00000,1.00000,0.00000
945,5852.31,0.17087E-03,0.0000,0.000000,0.00000,1.00000,0.00000
946,5859.30,0.17067E-03,0.0000,0.000000,0.00000,1.00000,0.00000
947,5859.61,0.17066E-03,0.0000,0.000000,0.00000,1.00000,0.00000
948,5863.34,0.17055E-03,0.0000,0.000000,0.00000,1.00000,0.00000
949,5864.84,0.17051E-03,0.0000,0.000000,0.00000,1.00000,0.00000
950,5872.00,0.17030E-03,0.0000,0.000000,0.00000,1.00000,0.00000
951,5882.72,0.16999E-03,0.0000,0.000000,0.00000,1.00000,0.00000
952,5903.25,0.16940E-03,0.0000,0.000000,0.00000,1.00000,0.00000
953,5908.80,0.16924E-03,0.0000,0.000000,0.00000,1.00000,0.00000
954,5912.07,0.16915E-03,0.0000,0.000000,0.00000,1.00000,0.00000
955,5921.76,0.16887E-03,0.0000,0.000000,0.00000,1.00000,0.00000
956,5926.97,0.16872E-03,0.0000,0.000000,0.00000,1.00000,0.00000
957,5933.86,0.16852E-03,0.0000,0.000000,0.00000,1.00000,0.00000
958,5935.80,0.16847E-03,0.0000,0.000000,0.00000,1.00000,0.00000
959,5948.44,0.16811E-03,0.0000,0.000000,0.00000,1.00000,0.00000
960,5957.23,0.16786E-03,0.0000,0.000000,0.00000,1.00000,0.00000
961,5972.77,0.16743E-03,0.0000,0.000000,0.00000,1.00000,0.00000
962,5976.55,0.16732E-03,0.0000,0.000000,0.00000,1.00000,0.00000
963,5978.26,0.16727E-03,0.0000,0.000000,0.00000,1.00000,0.00000
964,5980.56,0.16721E-03,0.0000,0.000000,0.00000,1.00000,0.00000
965,5981.72,0.16718E-03,0.0000,0.000000,0.00000,1.00000,0.00000
966,5995.45,0.16679E-03,0.0000,0.000000,0.00000,1.00000,0.00000
967,6004.75,0.16653E-03,0.0000,0.000000,0.00000,1.00000,0.00000
968,6012.78,0.16631E-03,0.0000,0.000000,0.00000,1.00000,0.00000
969,6022.24,0.16605E-03,0.0000,0.000000,0.00000,1.00000,0.00000
970,6029.51,0.16585E-03,0.0000,0.000000,0.00000,1.00000,0.00000
971,6032.41,0.16577E-03,0.0000,0.000000,0.00000,1.00000,0.00000
972,6042.73,0.16549E-03,0.0000,0.000000,0.00000,1.00000,0.00000
973,6048.21,0.16534E-03,0.0000,0.000000,0.00000,1.00000,0.00000
974,6068.16,0.16479E-03,0.0000,0.000000,0.00000,1.00000,0.00000
975,6072.37,0.16468E-03,0.0000,0.000000,0.00000,1.00000,0.00000
976,6078.45,0.16452E-03,0.0000,0.000000,0.00000,1.00000,0.00000
977,6079.25,0.16449E-03,0.0000,0.000000,0.00000,1.00000,0.00000
978,6086.02,0.16431E-03,0.0000,0.000000,0.00000,1.00000,0.00000
979,6091.03,0.16418E-03,0.0000,0.000000,0.00000,1.00000,0.00000
980,6094.62,0.16408E-03,0.0000,0.000000,0.00000,1.00000,0.00000
981,6103.46,0.16384E-03,0.0000,0.000000,0.00000,1.00000,0.00000
982,6108.75,0.16370E-03,0.0000,0.000000,0.00000,1.00000,0.00000
983,6117.35,0.16347E-03,0.0000,0.000000,0.00000,1.00000,0.00000
984,6121.19,0.16337E-03,0.0000,0.000000,0.00000,1.00000,0.00000
985,6134.50,0.16301E-03,0.0000,0.000000,0.00000,1.00000,0.00000
986,6135.65,0.16298E-03,0.0000,0.000000,0.00000,1.00000,0.00000
987,6144.28,0.16275E-03,0.0000,0.000000,0.00000,1.00000,0.00000
988,6150.36,0.16259E-03,0.0000,0.000000,0.00000,1.00000,0.00000
989,6152.44,0.16254E-03,0.0000,0.000000,0.00000,1.00000,0.00000
990,6160.72,0.16232E-03,0.0000,0.000000,0.00000,1.00000,0.00000
991,6168.39,0.16212E-03,0.0000,0.000000,0.00000,1.00000,0.00000
992,6185.57,0.16167E-03,0.0000,0.000000,0.00000,1.00000,0.00000
993,6188.41,0.16159E-03,0.0000,0.000000,0.00000,1.00000,0.00000
994,6204.23,0.16118E-03,0.0000,0.000000,0.00000,1.00000,0.00000
995,6206.76,0.16111E-03,0.0000,0.000000,0.00000,1.00000,0.00000
996,6210.57,0.16102E-03,0.0000,0.000000,0.00000,1.00000,0.00000
997,6216.09,0.16087E-03,0.0000,0.000000,0.00000,1.00000,0.00000
998,6228.43,0.16055E-03,0.0000,0.000000,0.00000,1.00000,0.00000
999,6240.15,0.16025E-03,0.0000,0.000000,0.00000,1.00000,0.00000
1000,6244.16,0.16015E-03,0.0000,0.000000,0.00000,1.00000,0.00000
