"MODE,FREQUENCY,PERIOD,PARTIC.FACTOR,RATIO,EFFECTIVE MASS,MASS FRACTION,TO TOTAL MASS"
"1,0.00000,0.0000,0.73654E-01,0.277626,0.542494E-02,0.518536E-01,0.518536E-01"
"2,0.00000,0.0000,0.26530,1.000000,0.703843E-01,0.724614,0.672760,"
"3,0.516279E-04,19369.,-0.14802E-02,0.005579,0.219085E-05,0.724635,0.209409E-04"
"4,0.132210E-03,7563.7,-0.68420E-01,0.257897,0.468131E-02,0.769380,0.447458E-01"
"5,0.139107E-03,7188.7,0.15127,0.570169,0.228814E-01,0.988090,0.218709,"
"6,0.174545E-03,5729.2,0.35299E-01,0.133054,0.124605E-02,1.00000,0.119102E-01"
"7,0.825874,1.2108,0.49252E-08,0.000000,0.242577E-16,1.00000,0.231864E-15"
"8,1.37942,0.72494,0.0000,0.000000,0.00000,1.00000,0.00000,"
"9,5.15195,0.19410,0.0000,0.000000,0.00000,1.00000,0.00000,"
"10,5.55112,0.18014,0.0000,0.000000,0.00000,1.00000,0.00000,"
"11,7.80438,0.12813,0.0000,0.000000,0.00000,1.00000,0.00000,"
"12,7.90242,0.12654,0.0000,0.000000,0.00000,1.00000,0.00000,"
"13,9.64427,0.10369,0.0000,0.000000,0.00000,1.00000,0.00000,"
"14,9.71578,0.10293,0.0000,0.000000,0.00000,1.00000,0.00000,"
"15,10.9835,0.91045E-01,0.0000,0.000000,0.00000,1.00000,0.00000,"
"16,11.1331,0.89822E-01,0.0000,0.000000,0.00000,1.00000,0.00000,"
"17,11.8886,0.84114E-01,0.0000,0.000000,0.00000,1.00000,0.00000,"
"18,12.3906,0.80707E-01,0.0000,0.000000,0.00000,1.00000,0.00000,"
"19,12.9997,0.76925E-01,0.0000,0.000000,0.00000,1.00000,0.00000,"
"20,13.0910,0.76388E-01,0.0000,0.000000,0.00000,1.00000,0.00000,"
"21,16.8678,0.59285E-01,0.0000,0.000000,0.00000,1.00000,0.00000,"
"22,17.2057,0.58120E-01,0.0000,0.000000,0.00000,1.00000,0.00000,"
"23,17.3935,0.57493E-01,0.0000,0.000000,0.00000,1.00000,0.00000,"
"24,18.1521,0.55090E-01,0.0000,0.000000,0.00000,1.00000,0.00000,"
"25,19.2393,0.51977E-01,0.0000,0.000000,0.00000,1.00000,0.00000,"
"26,20.5862,0.48576E-01,0.0000,0.000000,0.00000,1.00000,0.00000,"
"27,21.2143,0.47138E-01,0.0000,0.000000,0.00000,1.00000,0.00000,"
"28,22.6054,0.44237E-01,0.0000,0.000000,0.00000,1.00000,0.00000,"
"29,23.5449,0.42472E-01,0.0000,0.000000,0.00000,1.00000,0.00000,"
"30,24.1432,0.41419E-01,0.0000,0.000000,0.00000,1.00000,0.00000,"
"31,28.4161,0.35191E-01,0.0000,0.000000,0.00000,1.00000,0.00000,"
"32,28.7731,0.34755E-01,0.0000,0.000000,0.00000,1.00000,0.00000,"
"33,30.1277,0.33192E-01,0.0000,0.000000,0.00000,1.00000,0.00000,"
"34,31.3250,0.31923E-01,0.0000,0.000000,0.00000,1.00000,0.00000,"
"35,31.7124,0.31533E-01,0.0000,0.000000,0.00000,1.00000,0.00000,"
"36,36.6042,0.27319E-01,0.0000,0.000000,0.00000,1.00000,0.00000,"
"37,38.8040,0.25771E-01,0.0000,0.000000,0.00000,1.00000,0.00000,"
"38,41.7207,0.23969E-01,0.0000,0.000000,0.00000,1.00000,0.00000,"
"39,42.6584,0.23442E-01,0.0000,0.000000,0.00000,1.00000,0.00000,"
"40,42.9570,0.23279E-01,0.0000,0.000000,0.00000,1.00000,0.00000,"
"41,48.2270,0.20735E-01,0.0000,0.000000,0.00000,1.00000,0.00000,"
"42,51.4107,0.19451E-01,0.0000,0.000000,0.00000,1.00000,0.00000,"
"43,51.8883,0.19272E-01,0.0000,0.000000,0.00000,1.00000,0.00000,"
"44,53.0039,0.18867E-01,0.0000,0.000000,0.00000,1.00000,0.00000,"
"45,53.1377,0.18819E-01,0.0000,0.000000,0.00000,1.00000,0.00000,"
"46,55.1666,0.18127E-01,0.0000,0.000000,0.00000,1.00000,0.00000,"
"47,57.3996,0.17422E-01,0.0000,0.000000,0.00000,1.00000,0.00000,"
"48,60.6498,0.16488E-01,0.0000,0.000000,0.00000,1.00000,0.00000,"
"49,69.9913,0.14287E-01,0.0000,0.000000,0.00000,1.00000,0.00000,"
"50,70.5289,0.14179E-01,0.0000,0.000000,0.00000,1.00000,0.00000,"
"51,76.9966,0.12988E-01,0.0000,0.000000,0.00000,1.00000,0.00000,"
"52,84.2246,0.11873E-01,0.0000,0.000000,0.00000,1.00000,0.00000,"
"53,86.3429,0.11582E-01,0.0000,0.000000,0.00000,1.00000,0.00000,"
"54,86.3544,0.11580E-01,0.0000,0.000000,0.00000,1.00000,0.00000,"
"55,96.1197,0.10404E-01,0.0000,0.000000,0.00000,1.00000,0.00000,"
"56,97.9716,0.10207E-01,0.0000,0.000000,0.00000,1.00000,0.00000,"
"57,98.2236,0.10181E-01,0.0000,0.000000,0.00000,1.00000,0.00000,"
"58,102.660,0.97409E-02,0.0000,0.000000,0.00000,1.00000,0.00000,"
"59,104.802,0.95418E-02,0.0000,0.000000,0.00000,1.00000,0.00000,"
"60,105.603,0.94694E-02,0.0000,0.000000,0.00000,1.00000,0.00000,"
"61,114.622,0.87243E-02,0.0000,0.000000,0.00000,1.00000,0.00000,"
"62,114.679,0.87200E-02,0.0000,0.000000,0.00000,1.00000,0.00000,"
"63,120.631,0.82898E-02,0.0000,0.000000,0.00000,1.00000,0.00000,"
"64,124.073,0.80598E-02,0.0000,0.000000,0.00000,1.00000,0.00000,"
"65,126.673,0.78943E-02,0.0000,0.000000,0.00000,1.00000,0.00000,"
"66,126.717,0.78916E-02,0.0000,0.000000,0.00000,1.00000,0.00000,"
"67,129.295,0.77343E-02,0.0000,0.000000,0.00000,1.00000,0.00000,"
"68,140.908,0.70968E-02,0.0000,0.000000,0.00000,1.00000,0.00000,"
"69,144.770,0.69075E-02,0.0000,0.000000,0.00000,1.00000,0.00000,"
"70,148.979,0.67123E-02,0.0000,0.000000,0.00000,1.00000,0.00000,"
"71,164.536,0.60777E-02,0.0000,0.000000,0.00000,1.00000,0.00000,"
"72,169.358,0.59047E-02,0.0000,0.000000,0.00000,1.00000,0.00000,"
"73,170.884,0.58519E-02,0.0000,0.000000,0.00000,1.00000,0.00000,"
"74,171.271,0.58387E-02,0.0000,0.000000,0.00000,1.00000,0.00000,"
"75,174.326,0.57364E-02,0.0000,0.000000,0.00000,1.00000,0.00000,"
"76,176.729,0.56584E-02,0.0000,0.000000,0.00000,1.00000,0.00000,"
"77,180.360,0.55445E-02,0.0000,0.000000,0.00000,1.00000,0.00000,"
"78,181.249,0.55173E-02,0.0000,0.000000,0.00000,1.00000,0.00000,"
"79,183.734,0.54427E-02,0.0000,0.000000,0.00000,1.00000,0.00000,"
"80,187.866,0.53229E-02,0.0000,0.000000,0.00000,1.00000,0.00000,"
"81,194.605,0.51386E-02,0.0000,0.000000,0.00000,1.00000,0.00000,"
"82,198.078,0.50485E-02,0.0000,0.000000,0.00000,1.00000,0.00000,"
"83,199.247,0.50189E-02,0.0000,0.000000,0.00000,1.00000,0.00000,"
"84,205.797,0.48592E-02,0.0000,0.000000,0.00000,1.00000,0.00000,"
"85,207.585,0.48173E-02,0.0000,0.000000,0.00000,1.00000,0.00000,"
"86,208.997,0.47848E-02,0.0000,0.000000,0.00000,1.00000,0.00000,"
"87,214.214,0.46682E-02,0.0000,0.000000,0.00000,1.00000,0.00000,"
"88,217.593,0.45957E-02,0.0000,0.000000,0.00000,1.00000,0.00000,"
"89,220.267,0.45399E-02,0.0000,0.000000,0.00000,1.00000,0.00000,"
"90,220.615,0.45328E-02,0.0000,0.000000,0.00000,1.00000,0.00000,"
"91,222.073,0.45030E-02,0.0000,0.000000,0.00000,1.00000,0.00000,"
"92,232.916,0.42934E-02,0.0000,0.000000,0.00000,1.00000,0.00000,"
"93,244.829,0.40845E-02,0.0000,0.000000,0.00000,1.00000,0.00000,"
"94,250.278,0.39955E-02,0.0000,0.000000,0.00000,1.00000,0.00000,"
"95,250.474,0.39924E-02,0.0000,0.000000,0.00000,1.00000,0.00000,"
"96,251.397,0.39778E-02,0.0000,0.000000,0.00000,1.00000,0.00000,"
"97,254.895,0.39232E-02,0.0000,0.000000,0.00000,1.00000,0.00000,"
"98,259.069,0.38600E-02,0.0000,0.000000,0.00000,1.00000,0.00000,"
"99,259.265,0.38571E-02,0.0000,0.000000,0.00000,1.00000,0.00000,"
"100,260.074,0.38451E-02,0.0000,0.000000,0.00000,1.00000,0.00000,"
"101,260.698,0.38359E-02,0.0000,0.000000,0.00000,1.00000,0.00000,"
"102,262.471,0.38099E-02,0.0000,0.000000,0.00000,1.00000,0.00000,"
"103,263.256,0.37986E-02,0.0000,0.000000,0.00000,1.00000,0.00000,"
"104,264.851,0.37757E-02,0.0000,0.000000,0.00000,1.00000,0.00000,"
"105,271.480,0.36835E-02,0.0000,0.000000,0.00000,1.00000,0.00000,"
"106,272.114,0.36749E-02,0.0000,0.000000,0.00000,1.00000,0.00000,"
"107,273.623,0.36547E-02,0.0000,0.000000,0.00000,1.00000,0.00000,"
"108,280.465,0.35655E-02,0.0000,0.000000,0.00000,1.00000,0.00000,"
"109,284.956,0.35093E-02,0.0000,0.000000,0.00000,1.00000,0.00000,"
"110,289.565,0.34535E-02,0.0000,0.000000,0.00000,1.00000,0.00000,"
"111,290.036,0.34478E-02,0.0000,0.000000,0.00000,1.00000,0.00000,"
"112,295.146,0.33882E-02,0.0000,0.000000,0.00000,1.00000,0.00000,"
"113,296.258,0.33754E-02,0.0000,0.000000,0.00000,1.00000,0.00000,"
"114,300.338,0.33296E-02,0.0000,0.000000,0.00000,1.00000,0.00000,"
"115,302.374,0.33072E-02,0.0000,0.000000,0.00000,1.00000,0.00000,"
"116,306.142,0.32665E-02,0.0000,0.000000,0.00000,1.00000,0.00000,"
"117,307.124,0.32560E-02,0.0000,0.000000,0.00000,1.00000,0.00000,"
"118,310.759,0.32179E-02,0.0000,0.000000,0.00000,1.00000,0.00000,"
"119,311.381,0.32115E-02,0.0000,0.000000,0.00000,1.00000,0.00000,"
"120,316.351,0.31610E-02,0.0000,0.000000,0.00000,1.00000,0.00000,"
"121,320.371,0.31214E-02,0.0000,0.000000,0.00000,1.00000,0.00000,"
"122,325.129,0.30757E-02,0.0000,0.000000,0.00000,1.00000,0.00000,"
"123,327.311,0.30552E-02,0.0000,0.000000,0.00000,1.00000,0.00000,"
"124,330.688,0.30240E-02,0.0000,0.000000,0.00000,1.00000,0.00000,"
"125,331.554,0.30161E-02,0.0000,0.000000,0.00000,1.00000,0.00000,"
"126,332.461,0.30079E-02,0.0000,0.000000,0.00000,1.00000,0.00000,"
"127,335.019,0.29849E-02,0.0000,0.000000,0.00000,1.00000,0.00000,"
"128,344.929,0.28992E-02,0.0000,0.000000,0.00000,1.00000,0.00000,"
"129,346.722,0.28842E-02,0.0000,0.000000,0.00000,1.00000,0.00000,"
"130,359.314,0.27831E-02,0.0000,0.000000,0.00000,1.00000,0.00000,"
"131,360.064,0.27773E-02,0.0000,0.000000,0.00000,1.00000,0.00000,"
"132,379.703,0.26336E-02,0.0000,0.000000,0.00000,1.00000,0.00000,"
"133,386.201,0.25893E-02,0.0000,0.000000,0.00000,1.00000,0.00000,"
"134,390.504,0.25608E-02,0.0000,0.000000,0.00000,1.00000,0.00000,"
"135,395.412,0.25290E-02,0.0000,0.000000,0.00000,1.00000,0.00000,"
"136,400.227,0.24986E-02,0.0000,0.000000,0.00000,1.00000,0.00000,"
"137,402.976,0.24815E-02,0.0000,0.000000,0.00000,1.00000,0.00000,"
"138,412.855,0.24222E-02,0.0000,0.000000,0.00000,1.00000,0.00000,"
"139,420.986,0.23754E-02,0.0000,0.000000,0.00000,1.00000,0.00000,"
"140,429.438,0.23286E-02,0.0000,0.000000,0.00000,1.00000,0.00000,"
"141,436.979,0.22884E-02,0.0000,0.000000,0.00000,1.00000,0.00000,"
"142,445.123,0.22466E-02,0.0000,0.000000,0.00000,1.00000,0.00000,"
"143,452.467,0.22101E-02,0.0000,0.000000,0.00000,1.00000,0.00000,"
"144,454.835,0.21986E-02,0.0000,0.000000,0.00000,1.00000,0.00000,"
"145,458.299,0.21820E-02,0.0000,0.000000,0.00000,1.00000,0.00000,"
"146,462.804,0.21607E-02,0.0000,0.000000,0.00000,1.00000,0.00000,"
"147,464.921,0.21509E-02,0.0000,0.000000,0.00000,1.00000,0.00000,"
"148,468.897,0.21327E-02,0.0000,0.000000,0.00000,1.00000,0.00000,"
"149,470.058,0.21274E-02,0.0000,0.000000,0.00000,1.00000,0.00000,"
"150,477.574,0.20939E-02,0.0000,0.000000,0.00000,1.00000,0.00000,"
"151,481.347,0.20775E-02,0.0000,0.000000,0.00000,1.00000,0.00000,"
"152,483.958,0.20663E-02,0.0000,0.000000,0.00000,1.00000,0.00000,"
"153,485.970,0.20577E-02,0.0000,0.000000,0.00000,1.00000,0.00000,"
"154,488.587,0.20467E-02,0.0000,0.000000,0.00000,1.00000,0.00000,"
"155,491.788,0.20334E-02,0.0000,0.000000,0.00000,1.00000,0.00000,"
"156,496.274,0.20150E-02,0.0000,0.000000,0.00000,1.00000,0.00000,"
"157,498.367,0.20066E-02,0.0000,0.000000,0.00000,1.00000,0.00000,"
"158,504.080,0.19838E-02,0.0000,0.000000,0.00000,1.00000,0.00000,"
"159,508.753,0.19656E-02,0.0000,0.000000,0.00000,1.00000,0.00000,"
"160,513.205,0.19485E-02,0.0000,0.000000,0.00000,1.00000,0.00000,"
"161,514.800,0.19425E-02,0.0000,0.000000,0.00000,1.00000,0.00000,"
"162,517.980,0.19306E-02,0.0000,0.000000,0.00000,1.00000,0.00000,"
"163,524.604,0.19062E-02,0.0000,0.000000,0.00000,1.00000,0.00000,"
"164,528.841,0.18909E-02,0.0000,0.000000,0.00000,1.00000,0.00000,"
"165,533.623,0.18740E-02,0.0000,0.000000,0.00000,1.00000,0.00000,"
"166,537.167,0.18616E-02,0.0000,0.000000,0.00000,1.00000,0.00000,"
"167,538.457,0.18572E-02,0.0000,0.000000,0.00000,1.00000,0.00000,"
"168,540.783,0.18492E-02,0.0000,0.000000,0.00000,1.00000,0.00000,"
"169,546.669,0.18293E-02,0.0000,0.000000,0.00000,1.00000,0.00000,"
"170,548.219,0.18241E-02,0.0000,0.000000,0.00000,1.00000,0.00000,"
"171,557.470,0.17938E-02,0.0000,0.000000,0.00000,1.00000,0.00000,"
"172,561.065,0.17823E-02,0.0000,0.000000,0.00000,1.00000,0.00000,"
"173,571.330,0.17503E-02,0.0000,0.000000,0.00000,1.00000,0.00000,"
"174,574.403,0.17409E-02,0.0000,0.000000,0.00000,1.00000,0.00000,"
"175,578.175,0.17296E-02,0.0000,0.000000,0.00000,1.00000,0.00000,"
"176,584.155,0.17119E-02,0.0000,0.000000,0.00000,1.00000,0.00000,"
"177,589.431,0.16966E-02,0.0000,0.000000,0.00000,1.00000,0.00000,"
"178,593.585,0.16847E-02,0.0000,0.000000,0.00000,1.00000,0.00000,"
"179,595.127,0.16803E-02,0.0000,0.000000,0.00000,1.00000,0.00000,"
"180,600.624,0.16649E-02,0.0000,0.000000,0.00000,1.00000,0.00000,"
"181,607.049,0.16473E-02,0.0000,0.000000,0.00000,1.00000,0.00000,"
"182,612.400,0.16329E-02,0.0000,0.000000,0.00000,1.00000,0.00000,"
"183,615.594,0.16244E-02,0.0000,0.000000,0.00000,1.00000,0.00000,"
"184,617.065,0.16206E-02,0.0000,0.000000,0.00000,1.00000,0.00000,"
"185,636.847,0.15702E-02,0.0000,0.000000,0.00000,1.00000,0.00000,"
"186,644.191,0.15523E-02,0.0000,0.000000,0.00000,1.00000,0.00000,"
"187,648.527,0.15420E-02,0.0000,0.000000,0.00000,1.00000,0.00000,"
"188,653.624,0.15299E-02,0.0000,0.000000,0.00000,1.00000,0.00000,"
"189,659.946,0.15153E-02,0.0000,0.000000,0.00000,1.00000,0.00000,"
"190,661.883,0.15108E-02,0.0000,0.000000,0.00000,1.00000,0.00000,"
"191,665.045,0.15037E-02,0.0000,0.000000,0.00000,1.00000,0.00000,"
"192,669.573,0.14935E-02,0.0000,0.000000,0.00000,1.00000,0.00000,"
"193,670.923,0.14905E-02,0.0000,0.000000,0.00000,1.00000,0.00000,"
"194,675.710,0.14799E-02,0.0000,0.000000,0.00000,1.00000,0.00000,"
"195,677.876,0.14752E-02,0.0000,0.000000,0.00000,1.00000,0.00000,"
"196,678.326,0.14742E-02,0.0000,0.000000,0.00000,1.00000,0.00000,"
"197,679.857,0.14709E-02,0.0000,0.000000,0.00000,1.00000,0.00000,"
"198,684.283,0.14614E-02,0.0000,0.000000,0.00000,1.00000,0.00000,"
"199,690.699,0.14478E-02,0.0000,0.000000,0.00000,1.00000,0.00000,"
"200,696.878,0.14350E-02,0.0000,0.000000,0.00000,1.00000,0.00000,"
"201,712.341,0.14038E-02,0.0000,0.000000,0.00000,1.00000,0.00000,"
"202,713.345,0.14018E-02,0.0000,0.000000,0.00000,1.00000,0.00000,"
"203,717.149,0.13944E-02,0.0000,0.000000,0.00000,1.00000,0.00000,"
"204,721.687,0.13856E-02,0.0000,0.000000,0.00000,1.00000,0.00000,"
"205,724.697,0.13799E-02,0.0000,0.000000,0.00000,1.00000,0.00000,"
"206,731.873,0.13664E-02,0.0000,0.000000,0.00000,1.00000,0.00000,"
"207,748.666,0.13357E-02,0.0000,0.000000,0.00000,1.00000,0.00000,"
"208,762.451,0.13116E-02,0.0000,0.000000,0.00000,1.00000,0.00000,"
"209,765.853,0.13057E-02,0.0000,0.000000,0.00000,1.00000,0.00000,"
"210,771.531,0.12961E-02,0.0000,0.000000,0.00000,1.00000,0.00000,"
"211,780.899,0.12806E-02,0.0000,0.000000,0.00000,1.00000,0.00000,"
"212,784.512,0.12747E-02,0.0000,0.000000,0.00000,1.00000,0.00000,"
"213,788.881,0.12676E-02,0.0000,0.000000,0.00000,1.00000,0.00000,"
"214,791.655,0.12632E-02,0.0000,0.000000,0.00000,1.00000,0.00000,"
"215,802.119,0.12467E-02,0.0000,0.000000,0.00000,1.00000,0.00000,"
"216,806.908,0.12393E-02,0.0000,0.000000,0.00000,1.00000,0.00000,"
"217,813.059,0.12299E-02,0.0000,0.000000,0.00000,1.00000,0.00000,"
"218,824.391,0.12130E-02,0.0000,0.000000,0.00000,1.00000,0.00000,"
"219,841.380,0.11885E-02,0.0000,0.000000,0.00000,1.00000,0.00000,"
"220,844.615,0.11840E-02,0.0000,0.000000,0.00000,1.00000,0.00000,"
"221,847.723,0.11796E-02,0.0000,0.000000,0.00000,1.00000,0.00000,"
"222,854.036,0.11709E-02,0.0000,0.000000,0.00000,1.00000,0.00000,"
"223,857.693,0.11659E-02,0.0000,0.000000,0.00000,1.00000,0.00000,"
"224,868.156,0.11519E-02,0.0000,0.000000,0.00000,1.00000,0.00000,"
"225,869.702,0.11498E-02,0.0000,0.000000,0.00000,1.00000,0.00000,"
"226,878.837,0.11379E-02,0.0000,0.000000,0.00000,1.00000,0.00000,"
"227,886.616,0.11279E-02,0.0000,0.000000,0.00000,1.00000,0.00000,"
"228,890.283,0.11232E-02,0.0000,0.000000,0.00000,1.00000,0.00000,"
"229,901.997,0.11087E-02,0.0000,0.000000,0.00000,1.00000,0.00000,"
"230,903.204,0.11072E-02,0.0000,0.000000,0.00000,1.00000,0.00000,"
"231,914.515,0.10935E-02,0.0000,0.000000,0.00000,1.00000,0.00000,"
"232,920.731,0.10861E-02,0.0000,0.000000,0.00000,1.00000,0.00000,"
"233,922.818,0.10836E-02,0.0000,0.000000,0.00000,1.00000,0.00000,"
"234,930.148,0.10751E-02,0.0000,0.000000,0.00000,1.00000,0.00000,"
"235,934.540,0.10700E-02,0.0000,0.000000,0.00000,1.00000,0.00000,"
"236,940.908,0.10628E-02,0.0000,0.000000,0.00000,1.00000,0.00000,"
"237,943.704,0.10597E-02,0.0000,0.000000,0.00000,1.00000,0.00000,"
"238,947.388,0.10555E-02,0.0000,0.000000,0.00000,1.00000,0.00000,"
"239,949.303,0.10534E-02,0.0000,0.000000,0.00000,1.00000,0.00000,"
"240,951.329,0.10512E-02,0.0000,0.000000,0.00000,1.00000,0.00000,"
"241,954.836,0.10473E-02,0.0000,0.000000,0.00000,1.00000,0.00000,"
"242,956.533,0.10454E-02,0.0000,0.000000,0.00000,1.00000,0.00000,"
"243,957.894,0.10440E-02,0.0000,0.000000,0.00000,1.00000,0.00000,"
"244,966.853,0.10343E-02,0.0000,0.000000,0.00000,1.00000,0.00000,"
"245,970.950,0.10299E-02,0.0000,0.000000,0.00000,1.00000,0.00000,"
"246,977.002,0.10235E-02,0.0000,0.000000,0.00000,1.00000,0.00000,"
"247,991.869,0.10082E-02,0.0000,0.000000,0.00000,1.00000,0.00000,"
"248,996.414,0.10036E-02,0.0000,0.000000,0.00000,1.00000,0.00000,"
"249,997.353,0.10027E-02,0.0000,0.000000,0.00000,1.00000,0.00000,"
"250,1014.39,0.98581E-03,0.0000,0.000000,0.00000,1.00000,0.00000,"
"251,1015.95,0.98430E-03,0.0000,0.000000,0.00000,1.00000,0.00000,"
"252,1016.61,0.98367E-03,0.0000,0.000000,0.00000,1.00000,0.00000,"
"253,1022.98,0.97753E-03,0.0000,0.000000,0.00000,1.00000,0.00000,"
"254,1029.56,0.97129E-03,0.0000,0.000000,0.00000,1.00000,0.00000,"
"255,1036.02,0.96523E-03,0.0000,0.000000,0.00000,1.00000,0.00000,"
"256,1042.89,0.95888E-03,0.0000,0.000000,0.00000,1.00000,0.00000,"
"257,1045.47,0.95651E-03,0.0000,0.000000,0.00000,1.00000,0.00000,"
"258,1069.18,0.93530E-03,0.0000,0.000000,0.00000,1.00000,0.00000,"
"259,1074.29,0.93085E-03,0.0000,0.000000,0.00000,1.00000,0.00000,"
"260,1076.81,0.92866E-03,0.0000,0.000000,0.00000,1.00000,0.00000,"
"261,1082.55,0.92375E-03,0.0000,0.000000,0.00000,1.00000,0.00000,"
"262,1094.84,0.91338E-03,0.0000,0.000000,0.00000,1.00000,0.00000,"
"263,1115.44,0.89651E-03,0.0000,0.000000,0.00000,1.00000,0.00000,"
"264,1121.15,0.89194E-03,0.0000,0.000000,0.00000,1.00000,0.00000,"
"265,1125.97,0.88812E-03,0.0000,0.000000,0.00000,1.00000,0.00000,"
"266,1136.95,0.87955E-03,0.0000,0.000000,0.00000,1.00000,0.00000,"
"267,1139.79,0.87736E-03,0.0000,0.000000,0.00000,1.00000,0.00000,"
"268,1143.78,0.87429E-03,0.0000,0.000000,0.00000,1.00000,0.00000,"
"269,1150.17,0.86944E-03,0.0000,0.000000,0.00000,1.00000,0.00000,"
"270,1167.03,0.85688E-03,0.0000,0.000000,0.00000,1.00000,0.00000,"
"271,1168.91,0.85550E-03,0.0000,0.000000,0.00000,1.00000,0.00000,"
"272,1176.70,0.84983E-03,0.0000,0.000000,0.00000,1.00000,0.00000,"
"273,1188.62,0.84131E-03,0.0000,0.000000,0.00000,1.00000,0.00000,"
"274,1194.73,0.83701E-03,0.0000,0.000000,0.00000,1.00000,0.00000,"
"275,1196.54,0.83574E-03,0.0000,0.000000,0.00000,1.00000,0.00000,"
"276,1199.98,0.83335E-03,0.0000,0.000000,0.00000,1.00000,0.00000,"
"277,1201.53,0.83227E-03,0.0000,0.000000,0.00000,1.00000,0.00000,"
"278,1209.90,0.82651E-03,0.0000,0.000000,0.00000,1.00000,0.00000,"
"279,1212.83,0.82452E-03,0.0000,0.000000,0.00000,1.00000,0.00000,"
"280,1213.99,0.82373E-03,0.0000,0.000000,0.00000,1.00000,0.00000,"
"281,1220.09,0.81961E-03,0.0000,0.000000,0.00000,1.00000,0.00000,"
"282,1231.48,0.81203E-03,0.0000,0.000000,0.00000,1.00000,0.00000,"
"283,1237.60,0.80801E-03,0.0000,0.000000,0.00000,1.00000,0.00000,"
"284,1243.97,0.80388E-03,0.0000,0.000000,0.00000,1.00000,0.00000,"
"285,1261.98,0.79241E-03,0.0000,0.000000,0.00000,1.00000,0.00000,"
"286,1267.56,0.78892E-03,0.0000,0.000000,0.00000,1.00000,0.00000,"
"287,1275.59,0.78395E-03,0.0000,0.000000,0.00000,1.00000,0.00000,"
"288,1278.92,0.78191E-03,0.0000,0.000000,0.00000,1.00000,0.00000,"
"289,1284.55,0.77848E-03,0.0000,0.000000,0.00000,1.00000,0.00000,"
"290,1287.62,0.77663E-03,0.0000,0.000000,0.00000,1.00000,0.00000,"
"291,1297.20,0.77089E-03,0.0000,0.000000,0.00000,1.00000,0.00000,"
"292,1322.37,0.75622E-03,0.0000,0.000000,0.00000,1.00000,0.00000,"
"293,1334.15,0.74954E-03,0.0000,0.000000,0.00000,1.00000,0.00000,"
"294,1336.66,0.74814E-03,0.0000,0.000000,0.00000,1.00000,0.00000,"
"295,1342.41,0.74493E-03,0.0000,0.000000,0.00000,1.00000,0.00000,"
"296,1347.99,0.74185E-03,0.0000,0.000000,0.00000,1.00000,0.00000,"
"297,1351.28,0.74004E-03,0.0000,0.000000,0.00000,1.00000,0.00000,"
"298,1355.15,0.73793E-03,0.0000,0.000000,0.00000,1.00000,0.00000,"
"299,1365.69,0.73223E-03,0.0000,0.000000,0.00000,1.00000,0.00000,"
"300,1372.84,0.72841E-03,0.0000,0.000000,0.00000,1.00000,0.00000,"
"301,1374.51,0.72753E-03,0.0000,0.000000,0.00000,1.00000,0.00000,"
"302,1386.81,0.72108E-03,0.0000,0.000000,0.00000,1.00000,0.00000,"
"303,1388.14,0.72039E-03,0.0000,0.000000,0.00000,1.00000,0.00000,"
"304,1402.58,0.71297E-03,0.0000,0.000000,0.00000,1.00000,0.00000,"
"305,1407.21,0.71063E-03,0.0000,0.000000,0.00000,1.00000,0.00000,"
"306,1412.57,0.70793E-03,0.0000,0.000000,0.00000,1.00000,0.00000,"
"307,1413.52,0.70746E-03,0.0000,0.000000,0.00000,1.00000,0.00000,"
"308,1417.82,0.70531E-03,0.0000,0.000000,0.00000,1.00000,0.00000,"
"309,1423.35,0.70257E-03,0.0000,0.000000,0.00000,1.00000,0.00000,"
"310,1431.78,0.69843E-03,0.0000,0.000000,0.00000,1.00000,0.00000,"
"311,1436.86,0.69596E-03,0.0000,0.000000,0.00000,1.00000,0.00000,"
"312,1442.71,0.69314E-03,0.0000,0.000000,0.00000,1.00000,0.00000,"
"313,1450.55,0.68939E-03,0.0000,0.000000,0.00000,1.00000,0.00000,"
"314,1452.28,0.68857E-03,0.0000,0.000000,0.00000,1.00000,0.00000,"
"315,1464.06,0.68303E-03,0.0000,0.000000,0.00000,1.00000,0.00000,"
"316,1472.41,0.67916E-03,0.0000,0.000000,0.00000,1.00000,0.00000,"
"317,1475.61,0.67769E-03,0.0000,0.000000,0.00000,1.00000,0.00000,"
"318,1480.53,0.67543E-03,0.0000,0.000000,0.00000,1.00000,0.00000,"
"319,1488.60,0.67177E-03,0.0000,0.000000,0.00000,1.00000,0.00000,"
"320,1498.12,0.66750E-03,0.0000,0.000000,0.00000,1.00000,0.00000,"
"321,1505.47,0.66424E-03,0.0000,0.000000,0.00000,1.00000,0.00000,"
"322,1510.88,0.66186E-03,0.0000,0.000000,0.00000,1.00000,0.00000,"
"323,1516.71,0.65932E-03,0.0000,0.000000,0.00000,1.00000,0.00000,"
"324,1519.23,0.65823E-03,0.0000,0.000000,0.00000,1.00000,0.00000,"
"325,1525.73,0.65543E-03,0.0000,0.000000,0.00000,1.00000,0.00000,"
"326,1529.97,0.65361E-03,0.0000,0.000000,0.00000,1.00000,0.00000,"
"327,1530.99,0.65317E-03,0.0000,0.000000,0.00000,1.00000,0.00000,"
"328,1544.96,0.64726E-03,0.0000,0.000000,0.00000,1.00000,0.00000,"
"329,1560.71,0.64073E-03,0.0000,0.000000,0.00000,1.00000,0.00000,"
"330,1562.68,0.63993E-03,0.0000,0.000000,0.00000,1.00000,0.00000,"
"331,1564.92,0.63901E-03,0.0000,0.000000,0.00000,1.00000,0.00000,"
"332,1575.70,0.63464E-03,0.0000,0.000000,0.00000,1.00000,0.00000,"
"333,1585.41,0.63075E-03,0.0000,0.000000,0.00000,1.00000,0.00000,"
"334,1595.96,0.62658E-03,0.0000,0.000000,0.00000,1.00000,0.00000,"
"335,1597.56,0.62596E-03,0.0000,0.000000,0.00000,1.00000,0.00000,"
"336,1603.77,0.62353E-03,0.0000,0.000000,0.00000,1.00000,0.00000,"
"337,1613.49,0.61978E-03,0.0000,0.000000,0.00000,1.00000,0.00000,"
"338,1627.40,0.61448E-03,0.0000,0.000000,0.00000,1.00000,0.00000,"
"339,1638.91,0.61016E-03,0.0000,0.000000,0.00000,1.00000,0.00000,"
"340,1646.32,0.60742E-03,0.0000,0.000000,0.00000,1.00000,0.00000,"
"341,1654.34,0.60447E-03,0.0000,0.000000,0.00000,1.00000,0.00000,"
"342,1661.43,0.60189E-03,0.0000,0.000000,0.00000,1.00000,0.00000,"
"343,1664.75,0.60069E-03,0.0000,0.000000,0.00000,1.00000,0.00000,"
"344,1666.85,0.59994E-03,0.0000,0.000000,0.00000,1.00000,0.00000,"
"345,1679.78,0.59532E-03,0.0000,0.000000,0.00000,1.00000,0.00000,"
"346,1681.52,0.59470E-03,0.0000,0.000000,0.00000,1.00000,0.00000,"
"347,1691.26,0.59127E-03,0.0000,0.000000,0.00000,1.00000,0.00000,"
"348,1698.70,0.58869E-03,0.0000,0.000000,0.00000,1.00000,0.00000,"
"349,1701.28,0.58779E-03,0.0000,0.000000,0.00000,1.00000,0.00000,"
"350,1704.10,0.58682E-03,0.0000,0.000000,0.00000,1.00000,0.00000,"
"351,1706.17,0.58611E-03,0.0000,0.000000,0.00000,1.00000,0.00000,"
"352,1710.22,0.58472E-03,0.0000,0.000000,0.00000,1.00000,0.00000,"
"353,1718.66,0.58185E-03,0.0000,0.000000,0.00000,1.00000,0.00000,"
"354,1723.31,0.58028E-03,0.0000,0.000000,0.00000,1.00000,0.00000,"
"355,1732.41,0.57723E-03,0.0000,0.000000,0.00000,1.00000,0.00000,"
"356,1736.54,0.57586E-03,0.0000,0.000000,0.00000,1.00000,0.00000,"
"357,1750.01,0.57143E-03,0.0000,0.000000,0.00000,1.00000,0.00000,"
"358,1757.23,0.56908E-03,0.0000,0.000000,0.00000,1.00000,0.00000,"
"359,1766.22,0.56618E-03,0.0000,0.000000,0.00000,1.00000,0.00000,"
"360,1769.31,0.56519E-03,0.0000,0.000000,0.00000,1.00000,0.00000,"
"361,1781.74,0.56125E-03,0.0000,0.000000,0.00000,1.00000,0.00000,"
"362,1794.26,0.55733E-03,0.0000,0.000000,0.00000,1.00000,0.00000,"
"363,1799.67,0.55566E-03,0.0000,0.000000,0.00000,1.00000,0.00000,"
"364,1808.37,0.55299E-03,0.0000,0.000000,0.00000,1.00000,0.00000,"
"365,1817.42,0.55023E-03,0.0000,0.000000,0.00000,1.00000,0.00000,"
"366,1823.20,0.54849E-03,0.0000,0.000000,0.00000,1.00000,0.00000,"
"367,1824.50,0.54810E-03,0.0000,0.000000,0.00000,1.00000,0.00000,"
"368,1835.23,0.54489E-03,0.0000,0.000000,0.00000,1.00000,0.00000,"
"369,1846.51,0.54156E-03,0.0000,0.000000,0.00000,1.00000,0.00000,"
"370,1853.51,0.53952E-03,0.0000,0.000000,0.00000,1.00000,0.00000,"
"371,1857.62,0.53832E-03,0.0000,0.000000,0.00000,1.00000,0.00000,"
"372,1861.77,0.53712E-03,0.0000,0.000000,0.00000,1.00000,0.00000,"
"373,1869.18,0.53499E-03,0.0000,0.000000,0.00000,1.00000,0.00000,"
"374,1871.19,0.53442E-03,0.0000,0.000000,0.00000,1.00000,0.00000,"
"375,1879.76,0.53198E-03,0.0000,0.000000,0.00000,1.00000,0.00000,"
"376,1882.43,0.53123E-03,0.0000,0.000000,0.00000,1.00000,0.00000,"
"377,1884.86,0.53054E-03,0.0000,0.000000,0.00000,1.00000,0.00000,"
"378,1888.40,0.52955E-03,0.0000,0.000000,0.00000,1.00000,0.00000,"
"379,1896.90,0.52718E-03,0.0000,0.000000,0.00000,1.00000,0.00000,"
"380,1906.47,0.52453E-03,0.0000,0.000000,0.00000,1.00000,0.00000,"
"381,1908.15,0.52407E-03,0.0000,0.000000,0.00000,1.00000,0.00000,"
"382,1913.34,0.52265E-03,0.0000,0.000000,0.00000,1.00000,0.00000,"
"383,1917.65,0.52147E-03,0.0000,0.000000,0.00000,1.00000,0.00000,"
"384,1923.63,0.51985E-03,0.0000,0.000000,0.00000,1.00000,0.00000,"
"385,1927.00,0.51894E-03,0.0000,0.000000,0.00000,1.00000,0.00000,"
"386,1941.30,0.51512E-03,0.0000,0.000000,0.00000,1.00000,0.00000,"
"387,1949.38,0.51298E-03,0.0000,0.000000,0.00000,1.00000,0.00000,"
"388,1950.29,0.51274E-03,0.0000,0.000000,0.00000,1.00000,0.00000,"
"389,1959.62,0.51030E-03,0.0000,0.000000,0.00000,1.00000,0.00000,"
"390,1970.95,0.50737E-03,0.0000,0.000000,0.00000,1.00000,0.00000,"
"391,1973.19,0.50679E-03,0.0000,0.000000,0.00000,1.00000,0.00000,"
"392,1981.19,0.50475E-03,0.0000,0.000000,0.00000,1.00000,0.00000,"
"393,1987.42,0.50317E-03,0.0000,0.000000,0.00000,1.00000,0.00000,"
"394,1990.45,0.50240E-03,0.0000,0.000000,0.00000,1.00000,0.00000,"
"395,1993.98,0.50151E-03,0.0000,0.000000,0.00000,1.00000,0.00000,"
"396,2004.49,0.49888E-03,0.0000,0.000000,0.00000,1.00000,0.00000,"
"397,2017.92,0.49556E-03,0.0000,0.000000,0.00000,1.00000,0.00000,"
"398,2023.69,0.49415E-03,0.0000,0.000000,0.00000,1.00000,0.00000,"
"399,2035.23,0.49134E-03,0.0000,0.000000,0.00000,1.00000,0.00000,"
"400,2039.23,0.49038E-03,0.0000,0.000000,0.00000,1.00000,0.00000,"
"401,2044.73,0.48906E-03,0.0000,0.000000,0.00000,1.00000,0.00000,"
"402,2062.24,0.48491E-03,0.0000,0.000000,0.00000,1.00000,0.00000,"
"403,2068.05,0.48355E-03,0.0000,0.000000,0.00000,1.00000,0.00000,"
"404,2076.91,0.48148E-03,0.0000,0.000000,0.00000,1.00000,0.00000,"
"405,2083.48,0.47997E-03,0.0000,0.000000,0.00000,1.00000,0.00000,"
"406,2097.53,0.47675E-03,0.0000,0.000000,0.00000,1.00000,0.00000,"
"407,2106.15,0.47480E-03,0.0000,0.000000,0.00000,1.00000,0.00000,"
"408,2107.88,0.47441E-03,0.0000,0.000000,0.00000,1.00000,0.00000,"
"409,2118.80,0.47196E-03,0.0000,0.000000,0.00000,1.00000,0.00000,"
"410,2123.61,0.47090E-03,0.0000,0.000000,0.00000,1.00000,0.00000,"
"411,2127.99,0.46993E-03,0.0000,0.000000,0.00000,1.00000,0.00000,"
"412,2137.19,0.46790E-03,0.0000,0.000000,0.00000,1.00000,0.00000,"
"413,2141.01,0.46707E-03,0.0000,0.000000,0.00000,1.00000,0.00000,"
"414,2151.34,0.46483E-03,0.0000,0.000000,0.00000,1.00000,0.00000,"
"415,2158.35,0.46332E-03,0.0000,0.000000,0.00000,1.00000,0.00000,"
"416,2170.43,0.46074E-03,0.0000,0.000000,0.00000,1.00000,0.00000,"
"417,2190.75,0.45646E-03,0.0000,0.000000,0.00000,1.00000,0.00000,"
"418,2198.86,0.45478E-03,0.0000,0.000000,0.00000,1.00000,0.00000,"
"419,2206.87,0.45313E-03,0.0000,0.000000,0.00000,1.00000,0.00000,"
"420,2211.11,0.45226E-03,0.0000,0.000000,0.00000,1.00000,0.00000,"
"421,2214.90,0.45149E-03,0.0000,0.000000,0.00000,1.00000,0.00000,"
"422,2219.05,0.45064E-03,0.0000,0.000000,0.00000,1.00000,0.00000,"
"423,2232.00,0.44803E-03,0.0000,0.000000,0.00000,1.00000,0.00000,"
"424,2237.28,0.44697E-03,0.0000,0.000000,0.00000,1.00000,0.00000,"
"425,2249.91,0.44446E-03,0.0000,0.000000,0.00000,1.00000,0.00000,"
"426,2258.92,0.44269E-03,0.0000,0.000000,0.00000,1.00000,0.00000,"
"427,2274.08,0.43974E-03,0.0000,0.000000,0.00000,1.00000,0.00000,"
"428,2282.25,0.43816E-03,0.0000,0.000000,0.00000,1.00000,0.00000,"
"429,2293.44,0.43603E-03,0.0000,0.000000,0.00000,1.00000,0.00000,"
"430,2294.75,0.43578E-03,0.0000,0.000000,0.00000,1.00000,0.00000,"
"431,2300.13,0.43476E-03,0.0000,0.000000,0.00000,1.00000,0.00000,"
"432,2303.01,0.43421E-03,0.0000,0.000000,0.00000,1.00000,0.00000,"
"433,2308.74,0.43314E-03,0.0000,0.000000,0.00000,1.00000,0.00000,"
"434,2322.60,0.43055E-03,0.0000,0.000000,0.00000,1.00000,0.00000,"
"435,2323.70,0.43035E-03,0.0000,0.000000,0.00000,1.00000,0.00000,"
"436,2332.63,0.42870E-03,0.0000,0.000000,0.00000,1.00000,0.00000,"
"437,2334.37,0.42838E-03,0.0000,0.000000,0.00000,1.00000,0.00000,"
"438,2334.96,0.42827E-03,0.0000,0.000000,0.00000,1.00000,0.00000,"
"439,2336.63,0.42797E-03,0.0000,0.000000,0.00000,1.00000,0.00000,"
"440,2343.12,0.42678E-03,0.0000,0.000000,0.00000,1.00000,0.00000,"
"441,2345.97,0.42626E-03,0.0000,0.000000,0.00000,1.00000,0.00000,"
"442,2348.74,0.42576E-03,0.0000,0.000000,0.00000,1.00000,0.00000,"
"443,2353.59,0.42488E-03,0.0000,0.000000,0.00000,1.00000,0.00000,"
"444,2359.34,0.42385E-03,0.0000,0.000000,0.00000,1.00000,0.00000,"
"445,2379.08,0.42033E-03,0.0000,0.000000,0.00000,1.00000,0.00000,"
"446,2385.68,0.41917E-03,0.0000,0.000000,0.00000,1.00000,0.00000,"
"447,2388.56,0.41866E-03,0.0000,0.000000,0.00000,1.00000,0.00000,"
"448,2399.13,0.41682E-03,0.0000,0.000000,0.00000,1.00000,0.00000,"
"449,2412.30,0.41454E-03,0.0000,0.000000,0.00000,1.00000,0.00000,"
"450,2419.70,0.41327E-03,0.0000,0.000000,0.00000,1.00000,0.00000,"
"451,2426.78,0.41207E-03,0.0000,0.000000,0.00000,1.00000,0.00000,"
"452,2430.65,0.41141E-03,0.0000,0.000000,0.00000,1.00000,0.00000,"
"453,2434.82,0.41071E-03,0.0000,0.000000,0.00000,1.00000,0.00000,"
"454,2448.51,0.40841E-03,0.0000,0.000000,0.00000,1.00000,0.00000,"
"455,2452.37,0.40777E-03,0.0000,0.000000,0.00000,1.00000,0.00000,"
"456,2457.85,0.40686E-03,0.0000,0.000000,0.00000,1.00000,0.00000,"
"457,2469.44,0.40495E-03,0.0000,0.000000,0.00000,1.00000,0.00000,"
"458,2474.82,0.40407E-03,0.0000,0.000000,0.00000,1.00000,0.00000,"
"459,2478.19,0.40352E-03,0.0000,0.000000,0.00000,1.00000,0.00000,"
"460,2479.63,0.40329E-03,0.0000,0.000000,0.00000,1.00000,0.00000,"
"461,2484.19,0.40255E-03,0.0000,0.000000,0.00000,1.00000,0.00000,"
"462,2485.40,0.40235E-03,0.0000,0.000000,0.00000,1.00000,0.00000,"
"463,2489.63,0.40167E-03,0.0000,0.000000,0.00000,1.00000,0.00000,"
"464,2492.40,0.40122E-03,0.0000,0.000000,0.00000,1.00000,0.00000,"
"465,2498.02,0.40032E-03,0.0000,0.000000,0.00000,1.00000,0.00000,"
"466,2502.15,0.39966E-03,0.0000,0.000000,0.00000,1.00000,0.00000,"
"467,2508.52,0.39864E-03,0.0000,0.000000,0.00000,1.00000,0.00000,"
"468,2518.16,0.39712E-03,0.0000,0.000000,0.00000,1.00000,0.00000,"
"469,2522.88,0.39637E-03,0.0000,0.000000,0.00000,1.00000,0.00000,"
"470,2532.60,0.39485E-03,0.0000,0.000000,0.00000,1.00000,0.00000,"
"471,2534.94,0.39449E-03,0.0000,0.000000,0.00000,1.00000,0.00000,"
"472,2548.80,0.39234E-03,0.0000,0.000000,0.00000,1.00000,0.00000,"
"473,2555.00,0.39139E-03,0.0000,0.000000,0.00000,1.00000,0.00000,"
"474,2558.75,0.39082E-03,0.0000,0.000000,0.00000,1.00000,0.00000,"
"475,2575.79,0.38823E-03,0.0000,0.000000,0.00000,1.00000,0.00000,"
"476,2586.73,0.38659E-03,0.0000,0.000000,0.00000,1.00000,0.00000,"
"477,2594.30,0.38546E-03,0.0000,0.000000,0.00000,1.00000,0.00000,"
"478,2597.56,0.38498E-03,0.0000,0.000000,0.00000,1.00000,0.00000,"
"479,2608.02,0.38343E-03,0.0000,0.000000,0.00000,1.00000,0.00000,"
"480,2617.02,0.38211E-03,0.0000,0.000000,0.00000,1.00000,0.00000,"
"481,2624.82,0.38098E-03,0.0000,0.000000,0.00000,1.00000,0.00000,"
"482,2630.56,0.38015E-03,0.0000,0.000000,0.00000,1.00000,0.00000,"
"483,2636.35,0.37931E-03,0.0000,0.000000,0.00000,1.00000,0.00000,"
"484,2642.34,0.37845E-03,0.0000,0.000000,0.00000,1.00000,0.00000,"
"485,2654.60,0.37670E-03,0.0000,0.000000,0.00000,1.00000,0.00000,"
"486,2660.94,0.37581E-03,0.0000,0.000000,0.00000,1.00000,0.00000,"
"487,2675.14,0.37381E-03,0.0000,0.000000,0.00000,1.00000,0.00000,"
"488,2676.28,0.37365E-03,0.0000,0.000000,0.00000,1.00000,0.00000,"
"489,2685.65,0.37235E-03,0.0000,0.000000,0.00000,1.00000,0.00000,"
"490,2688.72,0.37192E-03,0.0000,0.000000,0.00000,1.00000,0.00000,"
"491,2710.53,0.36893E-03,0.0000,0.000000,0.00000,1.00000,0.00000,"
"492,2713.88,0.36848E-03,0.0000,0.000000,0.00000,1.00000,0.00000,"
"493,2724.33,0.36706E-03,0.0000,0.000000,0.00000,1.00000,0.00000,"
"494,2736.08,0.36549E-03,0.0000,0.000000,0.00000,1.00000,0.00000,"
"495,2754.22,0.36308E-03,0.0000,0.000000,0.00000,1.00000,0.00000,"
"496,2765.68,0.36157E-03,0.0000,0.000000,0.00000,1.00000,0.00000,"
"497,2773.00,0.36062E-03,0.0000,0.000000,0.00000,1.00000,0.00000,"
"498,2777.11,0.36009E-03,0.0000,0.000000,0.00000,1.00000,0.00000,"
"499,2778.07,0.35996E-03,0.0000,0.000000,0.00000,1.00000,0.00000,"
"500,2785.28,0.35903E-03,0.0000,0.000000,0.00000,1.00000,0.00000,"
"501,2786.58,0.35886E-03,0.0000,0.000000,0.00000,1.00000,0.00000,"
"502,2796.81,0.35755E-03,0.0000,0.000000,0.00000,1.00000,0.00000,"
"503,2798.54,0.35733E-03,0.0000,0.000000,0.00000,1.00000,0.00000,"
"504,2802.68,0.35680E-03,0.0000,0.000000,0.00000,1.00000,0.00000,"
"505,2808.07,0.35612E-03,0.0000,0.000000,0.00000,1.00000,0.00000,"
"506,2811.76,0.35565E-03,0.0000,0.000000,0.00000,1.00000,0.00000,"
"507,2818.55,0.35479E-03,0.0000,0.000000,0.00000,1.00000,0.00000,"
"508,2825.48,0.35392E-03,0.0000,0.000000,0.00000,1.00000,0.00000,"
"509,2828.56,0.35354E-03,0.0000,0.000000,0.00000,1.00000,0.00000,"
"510,2830.33,0.35332E-03,0.0000,0.000000,0.00000,1.00000,0.00000,"
"511,2837.18,0.35246E-03,0.0000,0.000000,0.00000,1.00000,0.00000,"
"512,2841.35,0.35195E-03,0.0000,0.000000,0.00000,1.00000,0.00000,"
"513,2844.15,0.35160E-03,0.0000,0.000000,0.00000,1.00000,0.00000,"
"514,2848.53,0.35106E-03,0.0000,0.000000,0.00000,1.00000,0.00000,"
"515,2854.56,0.35032E-03,0.0000,0.000000,0.00000,1.00000,0.00000,"
"516,2860.52,0.34959E-03,0.0000,0.000000,0.00000,1.00000,0.00000,"
"517,2869.56,0.34849E-03,0.0000,0.000000,0.00000,1.00000,0.00000,"
"518,2870.05,0.34843E-03,0.0000,0.000000,0.00000,1.00000,0.00000,"
"519,2873.16,0.34805E-03,0.0000,0.000000,0.00000,1.00000,0.00000,"
"520,2883.51,0.34680E-03,0.0000,0.000000,0.00000,1.00000,0.00000,"
"521,2885.70,0.34654E-03,0.0000,0.000000,0.00000,1.00000,0.00000,"
"522,2892.84,0.34568E-03,0.0000,0.000000,0.00000,1.00000,0.00000,"
"523,2901.00,0.34471E-03,0.0000,0.000000,0.00000,1.00000,0.00000,"
"524,2907.76,0.34391E-03,0.0000,0.000000,0.00000,1.00000,0.00000,"
"525,2914.06,0.34316E-03,0.0000,0.000000,0.00000,1.00000,0.00000,"
"526,2926.90,0.34166E-03,0.0000,0.000000,0.00000,1.00000,0.00000,"
"527,2932.12,0.34105E-03,0.0000,0.000000,0.00000,1.00000,0.00000,"
"528,2941.69,0.33994E-03,0.0000,0.000000,0.00000,1.00000,0.00000,"
"529,2956.72,0.33821E-03,0.0000,0.000000,0.00000,1.00000,0.00000,"
"530,2960.46,0.33778E-03,0.0000,0.000000,0.00000,1.00000,0.00000,"
"531,2972.43,0.33643E-03,0.0000,0.000000,0.00000,1.00000,0.00000,"
"532,2979.17,0.33566E-03,0.0000,0.000000,0.00000,1.00000,0.00000,"
"533,2992.95,0.33412E-03,0.0000,0.000000,0.00000,1.00000,0.00000,"
"534,2998.76,0.33347E-03,0.0000,0.000000,0.00000,1.00000,0.00000,"
"535,3003.91,0.33290E-03,0.0000,0.000000,0.00000,1.00000,0.00000,"
"536,3019.78,0.33115E-03,0.0000,0.000000,0.00000,1.00000,0.00000,"
"537,3023.73,0.33072E-03,0.0000,0.000000,0.00000,1.00000,0.00000,"
"538,3027.10,0.33035E-03,0.0000,0.000000,0.00000,1.00000,0.00000,"
"539,3034.83,0.32951E-03,0.0000,0.000000,0.00000,1.00000,0.00000,"
"540,3044.19,0.32849E-03,0.0000,0.000000,0.00000,1.00000,0.00000,"
"541,3045.51,0.32835E-03,0.0000,0.000000,0.00000,1.00000,0.00000,"
"542,3058.33,0.32698E-03,0.0000,0.000000,0.00000,1.00000,0.00000,"
"543,3064.32,0.32634E-03,0.0000,0.000000,0.00000,1.00000,0.00000,"
"544,3068.23,0.32592E-03,0.0000,0.000000,0.00000,1.00000,0.00000,"
"545,3076.07,0.32509E-03,0.0000,0.000000,0.00000,1.00000,0.00000,"
"546,3091.74,0.32344E-03,0.0000,0.000000,0.00000,1.00000,0.00000,"
"547,3093.44,0.32327E-03,0.0000,0.000000,0.00000,1.00000,0.00000,"
"548,3100.51,0.32253E-03,0.0000,0.000000,0.00000,1.00000,0.00000,"
"549,3106.93,0.32186E-03,0.0000,0.000000,0.00000,1.00000,0.00000,"
"550,3123.75,0.32013E-03,0.0000,0.000000,0.00000,1.00000,0.00000,"
"551,3129.62,0.31953E-03,0.0000,0.000000,0.00000,1.00000,0.00000,"
"552,3137.50,0.31873E-03,0.0000,0.000000,0.00000,1.00000,0.00000,"
"553,3151.45,0.31731E-03,0.0000,0.000000,0.00000,1.00000,0.00000,"
"554,3175.40,0.31492E-03,0.0000,0.000000,0.00000,1.00000,0.00000,"
"555,3180.84,0.31438E-03,0.0000,0.000000,0.00000,1.00000,0.00000,"
"556,3184.83,0.31399E-03,0.0000,0.000000,0.00000,1.00000,0.00000,"
"557,3201.14,0.31239E-03,0.0000,0.000000,0.00000,1.00000,0.00000,"
"558,3221.91,0.31038E-03,0.0000,0.000000,0.00000,1.00000,0.00000,"
"559,3239.11,0.30873E-03,0.0000,0.000000,0.00000,1.00000,0.00000,"
"560,3260.58,0.30669E-03,0.0000,0.000000,0.00000,1.00000,0.00000,"
"561,3266.04,0.30618E-03,0.0000,0.000000,0.00000,1.00000,0.00000,"
"562,3267.34,0.30606E-03,0.0000,0.000000,0.00000,1.00000,0.00000,"
"563,3273.43,0.30549E-03,0.0000,0.000000,0.00000,1.00000,0.00000,"
"564,3278.55,0.30501E-03,0.0000,0.000000,0.00000,1.00000,0.00000,"
"565,3282.64,0.30463E-03,0.0000,0.000000,0.00000,1.00000,0.00000,"
"566,3291.13,0.30385E-03,0.0000,0.000000,0.00000,1.00000,0.00000,"
"567,3312.98,0.30184E-03,0.0000,0.000000,0.00000,1.00000,0.00000,"
"568,3317.30,0.30145E-03,0.0000,0.000000,0.00000,1.00000,0.00000,"
"569,3324.22,0.30082E-03,0.0000,0.000000,0.00000,1.00000,0.00000,"
"570,3330.20,0.30028E-03,0.0000,0.000000,0.00000,1.00000,0.00000,"
"571,3332.10,0.30011E-03,0.0000,0.000000,0.00000,1.00000,0.00000,"
"572,3352.32,0.29830E-03,0.0000,0.000000,0.00000,1.00000,0.00000,"
"573,3353.84,0.29817E-03,0.0000,0.000000,0.00000,1.00000,0.00000,"
"574,3374.57,0.29633E-03,0.0000,0.000000,0.00000,1.00000,0.00000,"
"575,3393.43,0.29469E-03,0.0000,0.000000,0.00000,1.00000,0.00000,"
"576,3401.72,0.29397E-03,0.0000,0.000000,0.00000,1.00000,0.00000,"
"577,3426.70,0.29183E-03,0.0000,0.000000,0.00000,1.00000,0.00000,"
"578,3430.12,0.29154E-03,0.0000,0.000000,0.00000,1.00000,0.00000,"
"579,3438.95,0.29079E-03,0.0000,0.000000,0.00000,1.00000,0.00000,"
"580,3445.21,0.29026E-03,0.0000,0.000000,0.00000,1.00000,0.00000,"
"581,3445.50,0.29023E-03,0.0000,0.000000,0.00000,1.00000,0.00000,"
"582,3458.97,0.28910E-03,0.0000,0.000000,0.00000,1.00000,0.00000,"
"583,3459.24,0.28908E-03,0.0000,0.000000,0.00000,1.00000,0.00000,"
"584,3472.42,0.28798E-03,0.0000,0.000000,0.00000,1.00000,0.00000,"
"585,3477.37,0.28757E-03,0.0000,0.000000,0.00000,1.00000,0.00000,"
"586,3488.78,0.28663E-03,0.0000,0.000000,0.00000,1.00000,0.00000,"
"587,3496.64,0.28599E-03,0.0000,0.000000,0.00000,1.00000,0.00000,"
"588,3499.45,0.28576E-03,0.0000,0.000000,0.00000,1.00000,0.00000,"
"589,3500.83,0.28565E-03,0.0000,0.000000,0.00000,1.00000,0.00000,"
"590,3522.25,0.28391E-03,0.0000,0.000000,0.00000,1.00000,0.00000,"
"591,3530.34,0.28326E-03,0.0000,0.000000,0.00000,1.00000,0.00000,"
"592,3532.43,0.28309E-03,0.0000,0.000000,0.00000,1.00000,0.00000,"
"593,3537.77,0.28266E-03,0.0000,0.000000,0.00000,1.00000,0.00000,"
"594,3544.90,0.28210E-03,0.0000,0.000000,0.00000,1.00000,0.00000,"
"595,3555.56,0.28125E-03,0.0000,0.000000,0.00000,1.00000,0.00000,"
"596,3556.68,0.28116E-03,0.0000,0.000000,0.00000,1.00000,0.00000,"
"597,3561.43,0.28079E-03,0.0000,0.000000,0.00000,1.00000,0.00000,"
"598,3565.65,0.28045E-03,0.0000,0.000000,0.00000,1.00000,0.00000,"
"599,3576.64,0.27959E-03,0.0000,0.000000,0.00000,1.00000,0.00000,"
"600,3582.03,0.27917E-03,0.0000,0.000000,0.00000,1.00000,0.00000,"
"601,3586.60,0.27882E-03,0.0000,0.000000,0.00000,1.00000,0.00000,"
"602,3596.04,0.27808E-03,0.0000,0.000000,0.00000,1.00000,0.00000,"
"603,3606.84,0.27725E-03,0.0000,0.000000,0.00000,1.00000,0.00000,"
"604,3610.66,0.27696E-03,0.0000,0.000000,0.00000,1.00000,0.00000,"
"605,3634.25,0.27516E-03,0.0000,0.000000,0.00000,1.00000,0.00000,"
"606,3640.70,0.27467E-03,0.0000,0.000000,0.00000,1.00000,0.00000,"
"607,3651.99,0.27382E-03,0.0000,0.000000,0.00000,1.00000,0.00000,"
"608,3659.26,0.27328E-03,0.0000,0.000000,0.00000,1.00000,0.00000,"
"609,3664.78,0.27287E-03,0.0000,0.000000,0.00000,1.00000,0.00000,"
"610,3689.15,0.27107E-03,0.0000,0.000000,0.00000,1.00000,0.00000,"
"611,3691.36,0.27090E-03,0.0000,0.000000,0.00000,1.00000,0.00000,"
"612,3696.82,0.27050E-03,0.0000,0.000000,0.00000,1.00000,0.00000,"
"613,3710.60,0.26950E-03,0.0000,0.000000,0.00000,1.00000,0.00000,"
"614,3723.62,0.26856E-03,0.0000,0.000000,0.00000,1.00000,0.00000,"
"615,3730.79,0.26804E-03,0.0000,0.000000,0.00000,1.00000,0.00000,"
"616,3735.13,0.26773E-03,0.0000,0.000000,0.00000,1.00000,0.00000,"
"617,3739.97,0.26738E-03,0.0000,0.000000,0.00000,1.00000,0.00000,"
"618,3742.33,0.26721E-03,0.0000,0.000000,0.00000,1.00000,0.00000,"
"619,3756.62,0.26620E-03,0.0000,0.000000,0.00000,1.00000,0.00000,"
"620,3764.25,0.26566E-03,0.0000,0.000000,0.00000,1.00000,0.00000,"
"621,3766.20,0.26552E-03,0.0000,0.000000,0.00000,1.00000,0.00000,"
"622,3773.98,0.26497E-03,0.0000,0.000000,0.00000,1.00000,0.00000,"
"623,3782.31,0.26439E-03,0.0000,0.000000,0.00000,1.00000,0.00000,"
"624,3784.32,0.26425E-03,0.0000,0.000000,0.00000,1.00000,0.00000,"
"625,3789.53,0.26389E-03,0.0000,0.000000,0.00000,1.00000,0.00000,"
"626,3798.00,0.26330E-03,0.0000,0.000000,0.00000,1.00000,0.00000,"
"627,3802.32,0.26300E-03,0.0000,0.000000,0.00000,1.00000,0.00000,"
"628,3810.85,0.26241E-03,0.0000,0.000000,0.00000,1.00000,0.00000,"
"629,3816.31,0.26203E-03,0.0000,0.000000,0.00000,1.00000,0.00000,"
"630,3822.87,0.26158E-03,0.0000,0.000000,0.00000,1.00000,0.00000,"
"631,3842.71,0.26023E-03,0.0000,0.000000,0.00000,1.00000,0.00000,"
"632,3846.94,0.25995E-03,0.0000,0.000000,0.00000,1.00000,0.00000,"
"633,3852.51,0.25957E-03,0.0000,0.000000,0.00000,1.00000,0.00000,"
"634,3867.32,0.25858E-03,0.0000,0.000000,0.00000,1.00000,0.00000,"
"635,3871.89,0.25827E-03,0.0000,0.000000,0.00000,1.00000,0.00000,"
"636,3875.94,0.25800E-03,0.0000,0.000000,0.00000,1.00000,0.00000,"
"637,3892.19,0.25692E-03,0.0000,0.000000,0.00000,1.00000,0.00000,"
"638,3901.68,0.25630E-03,0.0000,0.000000,0.00000,1.00000,0.00000,"
"639,3928.68,0.25454E-03,0.0000,0.000000,0.00000,1.00000,0.00000,"
"640,3935.46,0.25410E-03,0.0000,0.000000,0.00000,1.00000,0.00000,"
"641,3942.25,0.25366E-03,0.0000,0.000000,0.00000,1.00000,0.00000,"
"642,3964.49,0.25224E-03,0.0000,0.000000,0.00000,1.00000,0.00000,"
"643,3965.02,0.25221E-03,0.0000,0.000000,0.00000,1.00000,0.00000,"
"644,3975.91,0.25151E-03,0.0000,0.000000,0.00000,1.00000,0.00000,"
"645,3983.04,0.25106E-03,0.0000,0.000000,0.00000,1.00000,0.00000,"
"646,3985.78,0.25089E-03,0.0000,0.000000,0.00000,1.00000,0.00000,"
"647,3996.75,0.25020E-03,0.0000,0.000000,0.00000,1.00000,0.00000,"
"648,4011.62,0.24928E-03,0.0000,0.000000,0.00000,1.00000,0.00000,"
"649,4015.71,0.24902E-03,0.0000,0.000000,0.00000,1.00000,0.00000,"
"650,4031.06,0.24807E-03,0.0000,0.000000,0.00000,1.00000,0.00000,"
"651,4063.41,0.24610E-03,0.0000,0.000000,0.00000,1.00000,0.00000,"
"652,4076.58,0.24530E-03,0.0000,0.000000,0.00000,1.00000,0.00000,"
"653,4090.25,0.24448E-03,0.0000,0.000000,0.00000,1.00000,0.00000,"
"654,4105.79,0.24356E-03,0.0000,0.000000,0.00000,1.00000,0.00000,"
"655,4108.19,0.24342E-03,0.0000,0.000000,0.00000,1.00000,0.00000,"
"656,4114.96,0.24302E-03,0.0000,0.000000,0.00000,1.00000,0.00000,"
"657,4135.77,0.24179E-03,0.0000,0.000000,0.00000,1.00000,0.00000,"
"658,4137.50,0.24169E-03,0.0000,0.000000,0.00000,1.00000,0.00000,"
"659,4147.66,0.24110E-03,0.0000,0.000000,0.00000,1.00000,0.00000,"
"660,4166.92,0.23999E-03,0.0000,0.000000,0.00000,1.00000,0.00000,"
"661,4171.96,0.23970E-03,0.0000,0.000000,0.00000,1.00000,0.00000,"
"662,4182.97,0.23906E-03,0.0000,0.000000,0.00000,1.00000,0.00000,"
"663,4187.40,0.23881E-03,0.0000,0.000000,0.00000,1.00000,0.00000,"
"664,4210.50,0.23750E-03,0.0000,0.000000,0.00000,1.00000,0.00000,"
"665,4235.45,0.23610E-03,0.0000,0.000000,0.00000,1.00000,0.00000,"
"666,4263.72,0.23454E-03,0.0000,0.000000,0.00000,1.00000,0.00000,"
"667,4277.74,0.23377E-03,0.0000,0.000000,0.00000,1.00000,0.00000,"
"668,4283.55,0.23345E-03,0.0000,0.000000,0.00000,1.00000,0.00000,"
"669,4291.29,0.23303E-03,0.0000,0.000000,0.00000,1.00000,0.00000,"
"670,4306.83,0.23219E-03,0.0000,0.000000,0.00000,1.00000,0.00000,"
"671,4311.04,0.23196E-03,0.0000,0.000000,0.00000,1.00000,0.00000,"
"672,4324.16,0.23126E-03,0.0000,0.000000,0.00000,1.00000,0.00000,"
"673,4331.80,0.23085E-03,0.0000,0.000000,0.00000,1.00000,0.00000,"
"674,4337.24,0.23056E-03,0.0000,0.000000,0.00000,1.00000,0.00000,"
"675,4351.92,0.22978E-03,0.0000,0.000000,0.00000,1.00000,0.00000,"
"676,4354.44,0.22965E-03,0.0000,0.000000,0.00000,1.00000,0.00000,"
"677,4365.42,0.22907E-03,0.0000,0.000000,0.00000,1.00000,0.00000,"
"678,4376.18,0.22851E-03,0.0000,0.000000,0.00000,1.00000,0.00000,"
"679,4389.96,0.22779E-03,0.0000,0.000000,0.00000,1.00000,0.00000,"
"680,4400.24,0.22726E-03,0.0000,0.000000,0.00000,1.00000,0.00000,"
"681,4405.12,0.22701E-03,0.0000,0.000000,0.00000,1.00000,0.00000,"
"682,4415.14,0.22649E-03,0.0000,0.000000,0.00000,1.00000,0.00000,"
"683,4429.81,0.22574E-03,0.0000,0.000000,0.00000,1.00000,0.00000,"
"684,4436.86,0.22538E-03,0.0000,0.000000,0.00000,1.00000,0.00000,"
"685,4438.73,0.22529E-03,0.0000,0.000000,0.00000,1.00000,0.00000,"
"686,4445.27,0.22496E-03,0.0000,0.000000,0.00000,1.00000,0.00000,"
"687,4457.00,0.22437E-03,0.0000,0.000000,0.00000,1.00000,0.00000,"
"688,4463.27,0.22405E-03,0.0000,0.000000,0.00000,1.00000,0.00000,"
"689,4475.57,0.22344E-03,0.0000,0.000000,0.00000,1.00000,0.00000,"
"690,4482.29,0.22310E-03,0.0000,0.000000,0.00000,1.00000,0.00000,"
"691,4497.57,0.22234E-03,0.0000,0.000000,0.00000,1.00000,0.00000,"
"692,4507.67,0.22184E-03,0.0000,0.000000,0.00000,1.00000,0.00000,"
"693,4510.20,0.22172E-03,0.0000,0.000000,0.00000,1.00000,0.00000,"
"694,4528.69,0.22081E-03,0.0000,0.000000,0.00000,1.00000,0.00000,"
"695,4532.75,0.22062E-03,0.0000,0.000000,0.00000,1.00000,0.00000,"
"696,4550.42,0.21976E-03,0.0000,0.000000,0.00000,1.00000,0.00000,"
"697,4552.40,0.21966E-03,0.0000,0.000000,0.00000,1.00000,0.00000,"
"698,4579.50,0.21836E-03,0.0000,0.000000,0.00000,1.00000,0.00000,"
"699,4589.87,0.21787E-03,0.0000,0.000000,0.00000,1.00000,0.00000,"
"700,4593.40,0.21770E-03,0.0000,0.000000,0.00000,1.00000,0.00000,"
"701,4596.22,0.21757E-03,0.0000,0.000000,0.00000,1.00000,0.00000,"
"702,4606.40,0.21709E-03,0.0000,0.000000,0.00000,1.00000,0.00000,"
"703,4608.56,0.21699E-03,0.0000,0.000000,0.00000,1.00000,0.00000,"
"704,4623.43,0.21629E-03,0.0000,0.000000,0.00000,1.00000,0.00000,"
"705,4632.72,0.21586E-03,0.0000,0.000000,0.00000,1.00000,0.00000,"
"706,4639.81,0.21553E-03,0.0000,0.000000,0.00000,1.00000,0.00000,"
"707,4646.70,0.21521E-03,0.0000,0.000000,0.00000,1.00000,0.00000,"
"708,4649.94,0.21506E-03,0.0000,0.000000,0.00000,1.00000,0.00000,"
"709,4652.37,0.21494E-03,0.0000,0.000000,0.00000,1.00000,0.00000,"
"710,4654.95,0.21483E-03,0.0000,0.000000,0.00000,1.00000,0.00000,"
"711,4666.59,0.21429E-03,0.0000,0.000000,0.00000,1.00000,0.00000,"
"712,4670.82,0.21410E-03,0.0000,0.000000,0.00000,1.00000,0.00000,"
"713,4681.23,0.21362E-03,0.0000,0.000000,0.00000,1.00000,0.00000,"
"714,4691.94,0.21313E-03,0.0000,0.000000,0.00000,1.00000,0.00000,"
"715,4700.76,0.21273E-03,0.0000,0.000000,0.00000,1.00000,0.00000,"
"716,4704.85,0.21255E-03,0.0000,0.000000,0.00000,1.00000,0.00000,"
"717,4714.75,0.21210E-03,0.0000,0.000000,0.00000,1.00000,0.00000,"
"718,4721.25,0.21181E-03,0.0000,0.000000,0.00000,1.00000,0.00000,"
"719,4722.31,0.21176E-03,0.0000,0.000000,0.00000,1.00000,0.00000,"
"720,4726.15,0.21159E-03,0.0000,0.000000,0.00000,1.00000,0.00000,"
"721,4730.84,0.21138E-03,0.0000,0.000000,0.00000,1.00000,0.00000,"
"722,4742.04,0.21088E-03,0.0000,0.000000,0.00000,1.00000,0.00000,"
"723,4745.47,0.21073E-03,0.0000,0.000000,0.00000,1.00000,0.00000,"
"724,4754.69,0.21032E-03,0.0000,0.000000,0.00000,1.00000,0.00000,"
"725,4766.04,0.20982E-03,0.0000,0.000000,0.00000,1.00000,0.00000,"
"726,4772.97,0.20951E-03,0.0000,0.000000,0.00000,1.00000,0.00000,"
"727,4784.73,0.20900E-03,0.0000,0.000000,0.00000,1.00000,0.00000,"
"728,4799.16,0.20837E-03,0.0000,0.000000,0.00000,1.00000,0.00000,"
"729,4804.70,0.20813E-03,0.0000,0.000000,0.00000,1.00000,0.00000,"
"730,4814.83,0.20769E-03,0.0000,0.000000,0.00000,1.00000,0.00000,"
"731,4820.51,0.20745E-03,0.0000,0.000000,0.00000,1.00000,0.00000,"
"732,4830.38,0.20702E-03,0.0000,0.000000,0.00000,1.00000,0.00000,"
"733,4834.81,0.20683E-03,0.0000,0.000000,0.00000,1.00000,0.00000,"
"734,4850.90,0.20615E-03,0.0000,0.000000,0.00000,1.00000,0.00000,"
"735,4874.07,0.20517E-03,0.0000,0.000000,0.00000,1.00000,0.00000,"
"736,4883.87,0.20476E-03,0.0000,0.000000,0.00000,1.00000,0.00000,"
"737,4891.92,0.20442E-03,0.0000,0.000000,0.00000,1.00000,0.00000,"
"738,4902.58,0.20397E-03,0.0000,0.000000,0.00000,1.00000,0.00000,"
"739,4927.18,0.20296E-03,0.0000,0.000000,0.00000,1.00000,0.00000,"
"740,4938.79,0.20248E-03,0.0000,0.000000,0.00000,1.00000,0.00000,"
"741,4943.09,0.20230E-03,0.0000,0.000000,0.00000,1.00000,0.00000,"
"742,4949.87,0.20203E-03,0.0000,0.000000,0.00000,1.00000,0.00000,"
"743,4979.32,0.20083E-03,0.0000,0.000000,0.00000,1.00000,0.00000,"
"744,4982.06,0.20072E-03,0.0000,0.000000,0.00000,1.00000,0.00000,"
"745,4985.76,0.20057E-03,0.0000,0.000000,0.00000,1.00000,0.00000,"
"746,4998.23,0.20007E-03,0.0000,0.000000,0.00000,1.00000,0.00000,"
"747,5004.46,0.19982E-03,0.0000,0.000000,0.00000,1.00000,0.00000,"
"748,5032.91,0.19869E-03,0.0000,0.000000,0.00000,1.00000,0.00000,"
"749,5049.50,0.19804E-03,0.0000,0.000000,0.00000,1.00000,0.00000,"
"750,5065.50,0.19741E-03,0.0000,0.000000,0.00000,1.00000,0.00000,"
"751,5068.50,0.19730E-03,0.0000,0.000000,0.00000,1.00000,0.00000,"
"752,5076.18,0.19700E-03,0.0000,0.000000,0.00000,1.00000,0.00000,"
"753,5100.93,0.19604E-03,0.0000,0.000000,0.00000,1.00000,0.00000,"
"754,5110.51,0.19568E-03,0.0000,0.000000,0.00000,1.00000,0.00000,"
"755,5116.45,0.19545E-03,0.0000,0.000000,0.00000,1.00000,0.00000,"
"756,5128.93,0.19497E-03,0.0000,0.000000,0.00000,1.00000,0.00000,"
"757,5135.48,0.19472E-03,0.0000,0.000000,0.00000,1.00000,0.00000,"
"758,5140.34,0.19454E-03,0.0000,0.000000,0.00000,1.00000,0.00000,"
"759,5147.74,0.19426E-03,0.0000,0.000000,0.00000,1.00000,0.00000,"
"760,5167.85,0.19350E-03,0.0000,0.000000,0.00000,1.00000,0.00000,"
"761,5193.80,0.19254E-03,0.0000,0.000000,0.00000,1.00000,0.00000,"
"762,5195.68,0.19247E-03,0.0000,0.000000,0.00000,1.00000,0.00000,"
"763,5223.11,0.19146E-03,0.0000,0.000000,0.00000,1.00000,0.00000,"
"764,5232.26,0.19112E-03,0.0000,0.000000,0.00000,1.00000,0.00000,"
"765,5237.92,0.19092E-03,0.0000,0.000000,0.00000,1.00000,0.00000,"
"766,5268.10,0.18982E-03,0.0000,0.000000,0.00000,1.00000,0.00000,"
"767,5270.35,0.18974E-03,0.0000,0.000000,0.00000,1.00000,0.00000,"
"768,5280.04,0.18939E-03,0.0000,0.000000,0.00000,1.00000,0.00000,"
"769,5285.15,0.18921E-03,0.0000,0.000000,0.00000,1.00000,0.00000,"
"770,5306.62,0.18844E-03,0.0000,0.000000,0.00000,1.00000,0.00000,"
"771,5318.21,0.18803E-03,0.0000,0.000000,0.00000,1.00000,0.00000,"
"772,5321.94,0.18790E-03,0.0000,0.000000,0.00000,1.00000,0.00000,"
"773,5334.57,0.18746E-03,0.0000,0.000000,0.00000,1.00000,0.00000,"
"774,5345.29,0.18708E-03,0.0000,0.000000,0.00000,1.00000,0.00000,"
"775,5346.81,0.18703E-03,0.0000,0.000000,0.00000,1.00000,0.00000,"
"776,5355.81,0.18671E-03,0.0000,0.000000,0.00000,1.00000,0.00000,"
"777,5363.07,0.18646E-03,0.0000,0.000000,0.00000,1.00000,0.00000,"
"778,5390.87,0.18550E-03,0.0000,0.000000,0.00000,1.00000,0.00000,"
"779,5394.90,0.18536E-03,0.0000,0.000000,0.00000,1.00000,0.00000,"
"780,5403.39,0.18507E-03,0.0000,0.000000,0.00000,1.00000,0.00000,"
"781,5409.37,0.18486E-03,0.0000,0.000000,0.00000,1.00000,0.00000,"
"782,5410.63,0.18482E-03,0.0000,0.000000,0.00000,1.00000,0.00000,"
"783,5414.01,0.18471E-03,0.0000,0.000000,0.00000,1.00000,0.00000,"
"784,5427.30,0.18425E-03,0.0000,0.000000,0.00000,1.00000,0.00000,"
"785,5433.56,0.18404E-03,0.0000,0.000000,0.00000,1.00000,0.00000,"
"786,5441.12,0.18379E-03,0.0000,0.000000,0.00000,1.00000,0.00000,"
"787,5457.92,0.18322E-03,0.0000,0.000000,0.00000,1.00000,0.00000,"
"788,5471.54,0.18276E-03,0.0000,0.000000,0.00000,1.00000,0.00000,"
"789,5473.93,0.18268E-03,0.0000,0.000000,0.00000,1.00000,0.00000,"
"790,5477.21,0.18257E-03,0.0000,0.000000,0.00000,1.00000,0.00000,"
"791,5483.45,0.18237E-03,0.0000,0.000000,0.00000,1.00000,0.00000,"
"792,5496.93,0.18192E-03,0.0000,0.000000,0.00000,1.00000,0.00000,"
"793,5516.17,0.18129E-03,0.0000,0.000000,0.00000,1.00000,0.00000,"
"794,5524.21,0.18102E-03,0.0000,0.000000,0.00000,1.00000,0.00000,"
"795,5539.98,0.18051E-03,0.0000,0.000000,0.00000,1.00000,0.00000,"
"796,5548.44,0.18023E-03,0.0000,0.000000,0.00000,1.00000,0.00000,"
"797,5550.54,0.18016E-03,0.0000,0.000000,0.00000,1.00000,0.00000,"
"798,5558.87,0.17989E-03,0.0000,0.000000,0.00000,1.00000,0.00000,"
"799,5563.88,0.17973E-03,0.0000,0.000000,0.00000,1.00000,0.00000,"
"800,5567.99,0.17960E-03,0.0000,0.000000,0.00000,1.00000,0.00000,"
"801,5588.50,0.17894E-03,0.0000,0.000000,0.00000,1.00000,0.00000,"
"802,5602.29,0.17850E-03,0.0000,0.000000,0.00000,1.00000,0.00000,"
"803,5625.95,0.17775E-03,0.0000,0.000000,0.00000,1.00000,0.00000,"
"804,5632.47,0.17754E-03,0.0000,0.000000,0.00000,1.00000,0.00000,"
"805,5641.85,0.17725E-03,0.0000,0.000000,0.00000,1.00000,0.00000,"
"806,5658.16,0.17674E-03,0.0000,0.000000,0.00000,1.00000,0.00000,"
"807,5683.68,0.17594E-03,0.0000,0.000000,0.00000,1.00000,0.00000,"
"808,5692.05,0.17568E-03,0.0000,0.000000,0.00000,1.00000,0.00000,"
"809,5696.75,0.17554E-03,0.0000,0.000000,0.00000,1.00000,0.00000,"
"810,5699.64,0.17545E-03,0.0000,0.000000,0.00000,1.00000,0.00000,"
"811,5711.03,0.17510E-03,0.0000,0.000000,0.00000,1.00000,0.00000,"
"812,5725.92,0.17464E-03,0.0000,0.000000,0.00000,1.00000,0.00000,"
"813,5733.40,0.17442E-03,0.0000,0.000000,0.00000,1.00000,0.00000,"
"814,5756.92,0.17370E-03,0.0000,0.000000,0.00000,1.00000,0.00000,"
"815,5766.61,0.17341E-03,0.0000,0.000000,0.00000,1.00000,0.00000,"
"816,5784.84,0.17287E-03,0.0000,0.000000,0.00000,1.00000,0.00000,"
"817,5790.24,0.17270E-03,0.0000,0.000000,0.00000,1.00000,0.00000,"
"818,5812.91,0.17203E-03,0.0000,0.000000,0.00000,1.00000,0.00000,"
"819,5816.25,0.17193E-03,0.0000,0.000000,0.00000,1.00000,0.00000,"
"820,5833.44,0.17143E-03,0.0000,0.000000,0.00000,1.00000,0.00000,"
"821,5839.54,0.17125E-03,0.0000,0.000000,0.00000,1.00000,0.00000,"
"822,5848.20,0.17099E-03,0.0000,0.000000,0.00000,1.00000,0.00000,"
"823,5854.19,0.17082E-03,0.0000,0.000000,0.00000,1.00000,0.00000,"
"824,5872.62,0.17028E-03,0.0000,0.000000,0.00000,1.00000,0.00000,"
"825,5880.79,0.17005E-03,0.0000,0.000000,0.00000,1.00000,0.00000,"
"826,5891.96,0.16972E-03,0.0000,0.000000,0.00000,1.00000,0.00000,"
"827,5917.92,0.16898E-03,0.0000,0.000000,0.00000,1.00000,0.00000,"
"828,5923.85,0.16881E-03,0.0000,0.000000,0.00000,1.00000,0.00000,"
"829,5927.39,0.16871E-03,0.0000,0.000000,0.00000,1.00000,0.00000,"
"830,5928.54,0.16868E-03,0.0000,0.000000,0.00000,1.00000,0.00000,"
"831,5937.09,0.16843E-03,0.0000,0.000000,0.00000,1.00000,0.00000,"
"832,5949.64,0.16808E-03,0.0000,0.000000,0.00000,1.00000,0.00000,"
"833,5958.58,0.16783E-03,0.0000,0.000000,0.00000,1.00000,0.00000,"
"834,5964.69,0.16765E-03,0.0000,0.000000,0.00000,1.00000,0.00000,"
"835,5968.79,0.16754E-03,0.0000,0.000000,0.00000,1.00000,0.00000,"
"836,5976.12,0.16733E-03,0.0000,0.000000,0.00000,1.00000,0.00000,"
"837,5995.88,0.16678E-03,0.0000,0.000000,0.00000,1.00000,0.00000,"
"838,6009.83,0.16639E-03,0.0000,0.000000,0.00000,1.00000,0.00000,"
"839,6012.93,0.16631E-03,0.0000,0.000000,0.00000,1.00000,0.00000,"
"840,6026.30,0.16594E-03,0.0000,0.000000,0.00000,1.00000,0.00000,"
"841,6031.34,0.16580E-03,0.0000,0.000000,0.00000,1.00000,0.00000,"
"842,6043.80,0.16546E-03,0.0000,0.000000,0.00000,1.00000,0.00000,"
"843,6048.47,0.16533E-03,0.0000,0.000000,0.00000,1.00000,0.00000,"
"844,6059.89,0.16502E-03,0.0000,0.000000,0.00000,1.00000,0.00000,"
"845,6068.79,0.16478E-03,0.0000,0.000000,0.00000,1.00000,0.00000,"
"846,6074.93,0.16461E-03,0.0000,0.000000,0.00000,1.00000,0.00000,"
"847,6098.53,0.16397E-03,0.0000,0.000000,0.00000,1.00000,0.00000,"
"848,6103.37,0.16384E-03,0.0000,0.000000,0.00000,1.00000,0.00000,"
"849,6116.61,0.16349E-03,0.0000,0.000000,0.00000,1.00000,0.00000,"
"850,6128.40,0.16317E-03,0.0000,0.000000,0.00000,1.00000,0.00000,"
"851,6142.58,0.16280E-03,0.0000,0.000000,0.00000,1.00000,0.00000,"
"852,6149.94,0.16260E-03,0.0000,0.000000,0.00000,1.00000,0.00000,"
"853,6154.33,0.16249E-03,0.0000,0.000000,0.00000,1.00000,0.00000,"
"854,6161.60,0.16230E-03,0.0000,0.000000,0.00000,1.00000,0.00000,"
"855,6169.08,0.16210E-03,0.0000,0.000000,0.00000,1.00000,0.00000,"
"856,6177.38,0.16188E-03,0.0000,0.000000,0.00000,1.00000,0.00000,"
"857,6179.70,0.16182E-03,0.0000,0.000000,0.00000,1.00000,0.00000,"
"858,6190.29,0.16154E-03,0.0000,0.000000,0.00000,1.00000,0.00000,"
"859,6197.79,0.16135E-03,0.0000,0.000000,0.00000,1.00000,0.00000,"
"860,6203.57,0.16120E-03,0.0000,0.000000,0.00000,1.00000,0.00000,"
"861,6209.84,0.16103E-03,0.0000,0.000000,0.00000,1.00000,0.00000,"
"862,6211.00,0.16100E-03,0.0000,0.000000,0.00000,1.00000,0.00000,"
"863,6228.02,0.16056E-03,0.0000,0.000000,0.00000,1.00000,0.00000,"
"864,6239.45,0.16027E-03,0.0000,0.000000,0.00000,1.00000,0.00000,"
"865,6246.99,0.16008E-03,0.0000,0.000000,0.00000,1.00000,0.00000,"
"866,6263.15,0.15966E-03,0.0000,0.000000,0.00000,1.00000,0.00000,"
"867,6276.37,0.15933E-03,0.0000,0.000000,0.00000,1.00000,0.00000,"
"868,6290.49,0.15897E-03,0.0000,0.000000,0.00000,1.00000,0.00000,"
"869,6311.93,0.15843E-03,0.0000,0.000000,0.00000,1.00000,0.00000,"
"870,6337.21,0.15780E-03,0.0000,0.000000,0.00000,1.00000,0.00000,"
"871,6345.98,0.15758E-03,0.0000,0.000000,0.00000,1.00000,0.00000,"
"872,6367.40,0.15705E-03,0.0000,0.000000,0.00000,1.00000,0.00000,"
"873,6371.20,0.15696E-03,0.0000,0.000000,0.00000,1.00000,0.00000,"
"874,6376.89,0.15682E-03,0.0000,0.000000,0.00000,1.00000,0.00000,"
"875,6408.67,0.15604E-03,0.0000,0.000000,0.00000,1.00000,0.00000,"
"876,6414.61,0.15589E-03,0.0000,0.000000,0.00000,1.00000,0.00000,"
"877,6427.11,0.15559E-03,0.0000,0.000000,0.00000,1.00000,0.00000,"
"878,6432.71,0.15546E-03,0.0000,0.000000,0.00000,1.00000,0.00000,"
"879,6440.29,0.15527E-03,0.0000,0.000000,0.00000,1.00000,0.00000,"
"880,6458.04,0.15485E-03,0.0000,0.000000,0.00000,1.00000,0.00000,"
"881,6473.33,0.15448E-03,0.0000,0.000000,0.00000,1.00000,0.00000,"
"882,6481.93,0.15427E-03,0.0000,0.000000,0.00000,1.00000,0.00000,"
"883,6494.66,0.15397E-03,0.0000,0.000000,0.00000,1.00000,0.00000,"
"884,6512.88,0.15354E-03,0.0000,0.000000,0.00000,1.00000,0.00000,"
"885,6525.73,0.15324E-03,0.0000,0.000000,0.00000,1.00000,0.00000,"
"886,6530.21,0.15313E-03,0.0000,0.000000,0.00000,1.00000,0.00000,"
"887,6542.80,0.15284E-03,0.0000,0.000000,0.00000,1.00000,0.00000,"
"888,6550.12,0.15267E-03,0.0000,0.000000,0.00000,1.00000,0.00000,"
"889,6554.33,0.15257E-03,0.0000,0.000000,0.00000,1.00000,0.00000,"
"890,6569.24,0.15222E-03,0.0000,0.000000,0.00000,1.00000,0.00000,"
"891,6589.22,0.15176E-03,0.0000,0.000000,0.00000,1.00000,0.00000,"
"892,6605.77,0.15138E-03,0.0000,0.000000,0.00000,1.00000,0.00000,"
"893,6613.98,0.15119E-03,0.0000,0.000000,0.00000,1.00000,0.00000,"
"894,6628.74,0.15086E-03,0.0000,0.000000,0.00000,1.00000,0.00000,"
"895,6637.50,0.15066E-03,0.0000,0.000000,0.00000,1.00000,0.00000,"
"896,6647.03,0.15044E-03,0.0000,0.000000,0.00000,1.00000,0.00000,"
"897,6659.64,0.15016E-03,0.0000,0.000000,0.00000,1.00000,0.00000,"
"898,6661.17,0.15012E-03,0.0000,0.000000,0.00000,1.00000,0.00000,"
"899,6667.23,0.14999E-03,0.0000,0.000000,0.00000,1.00000,0.00000,"
"900,6677.04,0.14977E-03,0.0000,0.000000,0.00000,1.00000,0.00000,"
"901,6708.46,0.14907E-03,0.0000,0.000000,0.00000,1.00000,0.00000,"
"902,6710.69,0.14902E-03,0.0000,0.000000,0.00000,1.00000,0.00000,"
"903,6722.91,0.14875E-03,0.0000,0.000000,0.00000,1.00000,0.00000,"
"904,6741.58,0.14833E-03,0.0000,0.000000,0.00000,1.00000,0.00000,"
"905,6757.68,0.14798E-03,0.0000,0.000000,0.00000,1.00000,0.00000,"
"906,6776.31,0.14757E-03,0.0000,0.000000,0.00000,1.00000,0.00000,"
"907,6795.60,0.14715E-03,0.0000,0.000000,0.00000,1.00000,0.00000,"
"908,6810.39,0.14683E-03,0.0000,0.000000,0.00000,1.00000,0.00000,"
"909,6818.85,0.14665E-03,0.0000,0.000000,0.00000,1.00000,0.00000,"
"910,6822.65,0.14657E-03,0.0000,0.000000,0.00000,1.00000,0.00000,"
"911,6829.04,0.14643E-03,0.0000,0.000000,0.00000,1.00000,0.00000,"
"912,6835.50,0.14630E-03,0.0000,0.000000,0.00000,1.00000,0.00000,"
"913,6849.04,0.14601E-03,0.0000,0.000000,0.00000,1.00000,0.00000,"
"914,6857.32,0.14583E-03,0.0000,0.000000,0.00000,1.00000,0.00000,"
"915,6879.75,0.14535E-03,0.0000,0.000000,0.00000,1.00000,0.00000,"
"916,6891.20,0.14511E-03,0.0000,0.000000,0.00000,1.00000,0.00000,"
"917,6899.79,0.14493E-03,0.0000,0.000000,0.00000,1.00000,0.00000,"
"918,6909.62,0.14473E-03,0.0000,0.000000,0.00000,1.00000,0.00000,"
"919,6935.69,0.14418E-03,0.0000,0.000000,0.00000,1.00000,0.00000,"
"920,6948.55,0.14391E-03,0.0000,0.000000,0.00000,1.00000,0.00000,"
"921,6965.64,0.14356E-03,0.0000,0.000000,0.00000,1.00000,0.00000,"
"922,6975.17,0.14337E-03,0.0000,0.000000,0.00000,1.00000,0.00000,"
"923,6998.75,0.14288E-03,0.0000,0.000000,0.00000,1.00000,0.00000,"
"924,7008.26,0.14269E-03,0.0000,0.000000,0.00000,1.00000,0.00000,"
"925,7011.76,0.14262E-03,0.0000,0.000000,0.00000,1.00000,0.00000,"
"926,7018.49,0.14248E-03,0.0000,0.000000,0.00000,1.00000,0.00000,"
"927,7027.30,0.14230E-03,0.0000,0.000000,0.00000,1.00000,0.00000,"
"928,7038.42,0.14208E-03,0.0000,0.000000,0.00000,1.00000,0.00000,"
"929,7050.63,0.14183E-03,0.0000,0.000000,0.00000,1.00000,0.00000,"
"930,7057.99,0.14168E-03,0.0000,0.000000,0.00000,1.00000,0.00000,"
"931,7068.57,0.14147E-03,0.0000,0.000000,0.00000,1.00000,0.00000,"
"932,7074.47,0.14135E-03,0.0000,0.000000,0.00000,1.00000,0.00000,"
"933,7083.57,0.14117E-03,0.0000,0.000000,0.00000,1.00000,0.00000,"
"934,7090.93,0.14103E-03,0.0000,0.000000,0.00000,1.00000,0.00000,"
"935,7094.40,0.14096E-03,0.0000,0.000000,0.00000,1.00000,0.00000,"
"936,7103.43,0.14078E-03,0.0000,0.000000,0.00000,1.00000,0.00000,"
"937,7117.97,0.14049E-03,0.0000,0.000000,0.00000,1.00000,0.00000,"
"938,7119.04,0.14047E-03,0.0000,0.000000,0.00000,1.00000,0.00000,"
"939,7135.13,0.14015E-03,0.0000,0.000000,0.00000,1.00000,0.00000,"
"940,7145.47,0.13995E-03,0.0000,0.000000,0.00000,1.00000,0.00000,"
"941,7149.53,0.13987E-03,0.0000,0.000000,0.00000,1.00000,0.00000,"
"942,7162.13,0.13962E-03,0.0000,0.000000,0.00000,1.00000,0.00000,"
"943,7168.15,0.13951E-03,0.0000,0.000000,0.00000,1.00000,0.00000,"
"944,7177.61,0.13932E-03,0.0000,0.000000,0.00000,1.00000,0.00000,"
"945,7195.38,0.13898E-03,0.0000,0.000000,0.00000,1.00000,0.00000,"
"946,7200.49,0.13888E-03,0.0000,0.000000,0.00000,1.00000,0.00000,"
"947,7210.05,0.13870E-03,0.0000,0.000000,0.00000,1.00000,0.00000,"
"948,7214.09,0.13862E-03,0.0000,0.000000,0.00000,1.00000,0.00000,"
"949,7215.51,0.13859E-03,0.0000,0.000000,0.00000,1.00000,0.00000,"
"950,7220.55,0.13849E-03,0.0000,0.000000,0.00000,1.00000,0.00000,"
"951,7227.89,0.13835E-03,0.0000,0.000000,0.00000,1.00000,0.00000,"
"952,7246.42,0.13800E-03,0.0000,0.000000,0.00000,1.00000,0.00000,"
"953,7262.39,0.13770E-03,0.0000,0.000000,0.00000,1.00000,0.00000,"
"954,7278.39,0.13739E-03,0.0000,0.000000,0.00000,1.00000,0.00000,"
"955,7284.40,0.13728E-03,0.0000,0.000000,0.00000,1.00000,0.00000,"
"956,7289.08,0.13719E-03,0.0000,0.000000,0.00000,1.00000,0.00000,"
"957,7299.55,0.13699E-03,0.0000,0.000000,0.00000,1.00000,0.00000,"
"958,7306.50,0.13686E-03,0.0000,0.000000,0.00000,1.00000,0.00000,"
"959,7306.92,0.13686E-03,0.0000,0.000000,0.00000,1.00000,0.00000,"
"960,7326.95,0.13648E-03,0.0000,0.000000,0.00000,1.00000,0.00000,"
"961,7343.54,0.13617E-03,0.0000,0.000000,0.00000,1.00000,0.00000,"
"962,7353.88,0.13598E-03,0.0000,0.000000,0.00000,1.00000,0.00000,"
"963,7372.71,0.13564E-03,0.0000,0.000000,0.00000,1.00000,0.00000,"
"964,7378.87,0.13552E-03,0.0000,0.000000,0.00000,1.00000,0.00000,"
"965,7388.03,0.13535E-03,0.0000,0.000000,0.00000,1.00000,0.00000,"
"966,7399.05,0.13515E-03,0.0000,0.000000,0.00000,1.00000,0.00000,"
"967,7404.15,0.13506E-03,0.0000,0.000000,0.00000,1.00000,0.00000,"
"968,7422.91,0.13472E-03,0.0000,0.000000,0.00000,1.00000,0.00000,"
"969,7432.35,0.13455E-03,0.0000,0.000000,0.00000,1.00000,0.00000,"
"970,7448.82,0.13425E-03,0.0000,0.000000,0.00000,1.00000,0.00000,"
"971,7456.20,0.13412E-03,0.0000,0.000000,0.00000,1.00000,0.00000,"
"972,7468.85,0.13389E-03,0.0000,0.000000,0.00000,1.00000,0.00000,"
"973,7477.09,0.13374E-03,0.0000,0.000000,0.00000,1.00000,0.00000,"
"974,7504.52,0.13325E-03,0.0000,0.000000,0.00000,1.00000,0.00000,"
"975,7508.95,0.13317E-03,0.0000,0.000000,0.00000,1.00000,0.00000,"
"976,7524.38,0.13290E-03,0.0000,0.000000,0.00000,1.00000,0.00000,"
"977,7527.71,0.13284E-03,0.0000,0.000000,0.00000,1.00000,0.00000,"
"978,7547.09,0.13250E-03,0.0000,0.000000,0.00000,1.00000,0.00000,"
"979,7556.13,0.13234E-03,0.0000,0.000000,0.00000,1.00000,0.00000,"
"980,7573.66,0.13204E-03,0.0000,0.000000,0.00000,1.00000,0.00000,"
"981,7594.23,0.13168E-03,0.0000,0.000000,0.00000,1.00000,0.00000,"
"982,7605.77,0.13148E-03,0.0000,0.000000,0.00000,1.00000,0.00000,"
"983,7614.16,0.13133E-03,0.0000,0.000000,0.00000,1.00000,0.00000,"
"984,7623.46,0.13117E-03,0.0000,0.000000,0.00000,1.00000,0.00000,"
"985,7626.88,0.13112E-03,0.0000,0.000000,0.00000,1.00000,0.00000,"
"986,7641.69,0.13086E-03,0.0000,0.000000,0.00000,1.00000,0.00000,"
"987,7643.64,0.13083E-03,0.0000,0.000000,0.00000,1.00000,0.00000,"
"988,7653.68,0.13066E-03,0.0000,0.000000,0.00000,1.00000,0.00000,"
"989,7660.15,0.13055E-03,0.0000,0.000000,0.00000,1.00000,0.00000,"
"990,7668.46,0.13040E-03,0.0000,0.000000,0.00000,1.00000,0.00000,"
"991,7674.49,0.13030E-03,0.0000,0.000000,0.00000,1.00000,0.00000,"
"992,7682.52,0.13017E-03,0.0000,0.000000,0.00000,1.00000,0.00000,"
"993,7697.59,0.12991E-03,0.0000,0.000000,0.00000,1.00000,0.00000,"
"994,7707.49,0.12974E-03,0.0000,0.000000,0.00000,1.00000,0.00000,"
"995,7715.38,0.12961E-03,0.0000,0.000000,0.00000,1.00000,0.00000,"
"996,7732.76,0.12932E-03,0.0000,0.000000,0.00000,1.00000,0.00000,"
"997,7743.71,0.12914E-03,0.0000,0.000000,0.00000,1.00000,0.00000,"
"998,7747.48,0.12907E-03,0.0000,0.000000,0.00000,1.00000,0.00000,"
"999,7751.38,0.12901E-03,0.0000,0.000000,0.00000,1.00000,0.00000,"
"1000,7759.69,0.12887E-03,0.0000,0.000000,0.00000,1.00000,0.00000,"
-----------------------------------------------------------------------------------------------------------------
"sum,,0.104620,1.00000,"
-----------------------------------------------------------------------------------------------------------------
